mono_ns,account_index,queue,depth,capacity,high_watermark,oldest_age_ns,dropped
7349998830265479,0,market_ingress,0,1024,0,0,0
7349998830265479,0,trader_request,0,1024,0,0,0
7349998830265479,0,trading_callback,0,1024,0,0,0
7349998830265479,0,trace,0,8192,0,0,0
7349998830265479,0,latency,0,4096,0,0,0
7349998930633059,0,market_ingress,0,1024,0,0,0
7349998930633059,0,trader_request,0,1024,0,0,0
7349998930633059,0,trading_callback,0,1024,0,0,0
7349998930633059,0,trace,0,8192,0,0,0
7349998930633059,0,latency,0,4096,0,0,0
7349999030966964,0,market_ingress,0,1024,1,0,0
7349999030966964,0,trader_request,0,1024,1,0,0
7349999030966964,0,trading_callback,0,1024,2,0,0
7349999030966964,0,trace,0,8192,3,0,0
7349999030966964,0,latency,0,4096,0,0,0
7349999131232352,0,market_ingress,0,1024,1,0,0
7349999131232352,0,trader_request,0,1024,1,0,0
7349999131232352,0,trading_callback,0,1024,2,0,0
7349999131232352,0,trace,0,8192,3,0,0
7349999131232352,0,latency,0,4096,0,0,0
7349999231557971,0,market_ingress,0,1024,1,0,0
7349999231557971,0,trader_request,0,1024,1,0,0
7349999231557971,0,trading_callback,0,1024,2,0,0
7349999231557971,0,trace,0,8192,3,0,0
7349999231557971,0,latency,0,4096,0,0,0
7349999331830429,0,market_ingress,0,1024,1,0,0
7349999331830429,0,trader_request,0,1024,1,0,0
7349999331830429,0,trading_callback,0,1024,2,0,0
7349999331830429,0,trace,0,8192,3,0,0
7349999331830429,0,latency,0,4096,0,0,0
7349999432182058,0,market_ingress,0,1024,1,0,0
7349999432182058,0,trader_request,0,1024,1,0,0
7349999432182058,0,trading_callback,0,1024,2,0,0
7349999432182058,0,trace,0,8192,3,0,0
7349999432182058,0,latency,0,4096,0,0,0
7349999532531869,0,market_ingress,0,1024,1,0,0
7349999532531869,0,trader_request,0,1024,1,0,0
7349999532531869,0,trading_callback,0,1024,2,0,0
7349999532531869,0,trace,0,8192,11,0,0
7349999532531869,0,latency,0,4096,0,0,0
7349999632880639,0,market_ingress,0,1024,1,0,0
7349999632880639,0,trader_request,0,1024,1,0,0
7349999632880639,0,trading_callback,0,1024,2,0,0
7349999632880639,0,trace,0,8192,11,0,0
7349999632880639,0,latency,0,4096,0,0,0
7349999733164313,0,market_ingress,0,1024,1,0,0
7349999733164313,0,trader_request,0,1024,1,0,0
7349999733164313,0,trading_callback,0,1024,2,0,0
7349999733164313,0,trace,0,8192,11,0,0
7349999733164313,0,latency,0,4096,0,0,0
7349999833450407,0,market_ingress,0,1024,1,0,0
7349999833450407,0,trader_request,0,1024,1,0,0
7349999833450407,0,trading_callback,0,1024,2,0,0
7349999833450407,0,trace,0,8192,11,0,0
7349999833450407,0,latency,0,4096,0,0,0
7349999933746881,0,market_ingress,0,1024,1,0,0
7349999933746881,0,trader_request,0,1024,1,0,0
7349999933746881,0,trading_callback,0,1024,2,0,0
7349999933746881,0,trace,0,8192,11,0,0
7349999933746881,0,latency,0,4096,0,0,0
7350000034017647,0,market_ingress,0,1024,1,0,0
7350000034017647,0,trader_request,0,1024,1,0,0
7350000034017647,0,trading_callback,0,1024,2,0,0
7350000034017647,0,trace,0,8192,11,0,0
7350000034017647,0,latency,0,4096,0,0,0
7350000134276867,0,market_ingress,0,1024,1,0,0
7350000134276867,0,trader_request,0,1024,1,0,0
7350000134276867,0,trading_callback,0,1024,2,0,0
7350000134276867,0,trace,0,8192,11,0,0
7350000134276867,0,latency,0,4096,0,0,0
7350000234550333,0,market_ingress,0,1024,1,0,0
7350000234550333,0,trader_request,0,1024,1,0,0
7350000234550333,0,trading_callback,0,1024,2,0,0
7350000234550333,0,trace,0,8192,11,0,0
7350000234550333,0,latency,0,4096,0,0,0
7350000334814299,0,market_ingress,0,1024,1,0,0
7350000334814299,0,trader_request,0,1024,1,0,0
7350000334814299,0,trading_callback,0,1024,2,0,0
7350000334814299,0,trace,0,8192,11,0,0
7350000334814299,0,latency,0,4096,0,0,0
7350000435135088,0,market_ingress,0,1024,1,0,0
7350000435135088,0,trader_request,0,1024,1,0,0
7350000435135088,0,trading_callback,0,1024,2,0,0
7350000435135088,0,trace,0,8192,11,0,0
7350000435135088,0,latency,0,4096,0,0,0
7350000535475500,0,market_ingress,0,1024,1,0,0
7350000535475500,0,trader_request,0,1024,1,0,0
7350000535475500,0,trading_callback,0,1024,2,0,0
7350000535475500,0,trace,0,8192,11,0,0
7350000535475500,0,latency,0,4096,0,0,0
7350000635823776,0,market_ingress,0,1024,1,0,0
7350000635823776,0,trader_request,0,1024,1,0,0
7350000635823776,0,trading_callback,0,1024,2,0,0
7350000635823776,0,trace,0,8192,11,0,0
7350000635823776,0,latency,0,4096,0,0,0
7350000736142202,0,market_ingress,0,1024,1,0,0
7350000736142202,0,trader_request,0,1024,1,0,0
7350000736142202,0,trading_callback,0,1024,2,0,0
7350000736142202,0,trace,0,8192,11,0,0
7350000736142202,0,latency,0,4096,0,0,0
7350000836413249,0,market_ingress,0,1024,1,0,0
7350000836413249,0,trader_request,0,1024,1,0,0
7350000836413249,0,trading_callback,0,1024,2,0,0
7350000836413249,0,trace,0,8192,11,0,0
7350000836413249,0,latency,0,4096,0,0,0
7350000936685636,0,market_ingress,0,1024,1,0,0
7350000936685636,0,trader_request,0,1024,1,0,0
7350000936685636,0,trading_callback,0,1024,2,0,0
7350000936685636,0,trace,0,8192,11,0,0
7350000936685636,0,latency,0,4096,2,0,0
7350001036961549,0,market_ingress,0,1024,1,0,0
7350001036961549,0,trader_request,0,1024,1,0,0
7350001036961549,0,trading_callback,0,1024,2,0,0
7350001036961549,0,trace,0,8192,11,0,0
7350001036961549,0,latency,0,4096,2,0,0
7350001137235088,0,market_ingress,0,1024,1,0,0
7350001137235088,0,trader_request,0,1024,1,0,0
7350001137235088,0,trading_callback,0,1024,2,0,0
7350001137235088,0,trace,0,8192,11,0,0
7350001137235088,0,latency,0,4096,2,0,0
7350001237512666,0,market_ingress,0,1024,1,0,0
7350001237512666,0,trader_request,0,1024,1,0,0
7350001237512666,0,trading_callback,0,1024,2,0,0
7350001237512666,0,trace,0,8192,11,0,0
7350001237512666,0,latency,0,4096,3,0,0
7350001337791502,0,market_ingress,0,1024,1,0,0
7350001337791502,0,trader_request,0,1024,1,0,0
7350001337791502,0,trading_callback,0,1024,2,0,0
7350001337791502,0,trace,0,8192,11,0,0
7350001337791502,0,latency,0,4096,3,0,0
7350001438122614,0,market_ingress,0,1024,1,0,0
7350001438122614,0,trader_request,0,1024,1,0,0
7350001438122614,0,trading_callback,0,1024,2,0,0
7350001438122614,0,trace,0,8192,11,0,0
7350001438122614,0,latency,0,4096,3,0,0
7350001538447741,0,market_ingress,0,1024,1,0,0
7350001538447741,0,trader_request,0,1024,1,0,0
7350001538447741,0,trading_callback,0,1024,2,0,0
7350001538447741,0,trace,0,8192,11,0,0
7350001538447741,0,latency,0,4096,3,0,0
7350001638803498,0,market_ingress,0,1024,1,0,0
7350001638803498,0,trader_request,0,1024,1,0,0
7350001638803498,0,trading_callback,0,1024,2,0,0
7350001638803498,0,trace,0,8192,11,0,0
7350001638803498,0,latency,0,4096,3,0,0
7350001739077073,0,market_ingress,0,1024,1,0,0
7350001739077073,0,trader_request,0,1024,1,0,0
7350001739077073,0,trading_callback,0,1024,2,0,0
7350001739077073,0,trace,0,8192,11,0,0
7350001739077073,0,latency,0,4096,3,0,0
7350001839372733,0,market_ingress,0,1024,1,0,0
7350001839372733,0,trader_request,0,1024,1,0,0
7350001839372733,0,trading_callback,0,1024,2,0,0
7350001839372733,0,trace,0,8192,11,0,0
7350001839372733,0,latency,0,4096,3,0,0
7350001939673821,0,market_ingress,0,1024,1,0,0
7350001939673821,0,trader_request,0,1024,1,0,0
7350001939673821,0,trading_callback,0,1024,2,0,0
7350001939673821,0,trace,0,8192,11,0,0
7350001939673821,0,latency,0,4096,3,0,0
7350002039977900,0,market_ingress,0,1024,1,0,0
7350002039977900,0,trader_request,0,1024,1,0,0
7350002039977900,0,trading_callback,0,1024,2,0,0
7350002039977900,0,trace,0,8192,11,0,0
7350002039977900,0,latency,0,4096,3,0,0
7350002140273874,0,market_ingress,0,1024,3,0,0
7350002140273874,0,trader_request,0,1024,1,0,0
7350002140273874,0,trading_callback,0,1024,2,0,0
7350002140273874,0,trace,0,8192,11,0,0
7350002140273874,0,latency,0,4096,3,0,0
7350002240554590,0,market_ingress,0,1024,3,0,0
7350002240554590,0,trader_request,0,1024,1,0,0
7350002240554590,0,trading_callback,0,1024,2,0,0
7350002240554590,0,trace,0,8192,11,0,0
7350002240554590,0,latency,0,4096,3,0,0
7350002340828852,0,market_ingress,0,1024,3,0,0
7350002340828852,0,trader_request,0,1024,1,0,0
7350002340828852,0,trading_callback,0,1024,2,0,0
7350002340828852,0,trace,0,8192,11,0,0
7350002340828852,0,latency,0,4096,3,0,0
7350002441109287,0,market_ingress,0,1024,3,0,0
7350002441109287,0,trader_request,0,1024,1,0,0
7350002441109287,0,trading_callback,0,1024,2,0,0
7350002441109287,0,trace,0,8192,11,0,0
7350002441109287,0,latency,0,4096,3,0,0
7350002541435812,0,market_ingress,0,1024,3,0,0
7350002541435812,0,trader_request,0,1024,1,0,0
7350002541435812,0,trading_callback,0,1024,2,0,0
7350002541435812,0,trace,0,8192,11,0,0
7350002541435812,0,latency,0,4096,3,0,0
7350002641709931,0,market_ingress,0,1024,3,0,0
7350002641709931,0,trader_request,0,1024,1,0,0
7350002641709931,0,trading_callback,0,1024,2,0,0
7350002641709931,0,trace,0,8192,11,0,0
7350002641709931,0,latency,0,4096,3,0,0
7350002741992272,0,market_ingress,0,1024,3,0,0
7350002741992272,0,trader_request,0,1024,1,0,0
7350002741992272,0,trading_callback,0,1024,2,0,0
7350002741992272,0,trace,0,8192,11,0,0
7350002741992272,0,latency,0,4096,3,0,0
7350002842282600,0,market_ingress,0,1024,3,0,0
7350002842282600,0,trader_request,0,1024,1,0,0
7350002842282600,0,trading_callback,0,1024,2,0,0
7350002842282600,0,trace,0,8192,11,0,0
7350002842282600,0,latency,0,4096,3,0,0
7350002942621153,0,market_ingress,0,1024,3,0,0
7350002942621153,0,trader_request,0,1024,1,0,0
7350002942621153,0,trading_callback,0,1024,2,0,0
7350002942621153,0,trace,0,8192,11,0,0
7350002942621153,0,latency,0,4096,4,0,0
7350003042899963,0,market_ingress,0,1024,3,0,0
7350003042899963,0,trader_request,0,1024,1,0,0
7350003042899963,0,trading_callback,0,1024,2,0,0
7350003042899963,0,trace,0,8192,11,0,0
7350003042899963,0,latency,0,4096,4,0,0
7350003143173035,0,market_ingress,0,1024,3,0,0
7350003143173035,0,trader_request,0,1024,1,0,0
7350003143173035,0,trading_callback,0,1024,2,0,0
7350003143173035,0,trace,0,8192,11,0,0
7350003143173035,0,latency,0,4096,4,0,0
7350003243526626,0,market_ingress,0,1024,3,0,0
7350003243526626,0,trader_request,0,1024,1,0,0
7350003243526626,0,trading_callback,0,1024,2,0,0
7350003243526626,0,trace,0,8192,11,0,0
7350003243526626,0,latency,0,4096,4,0,0
7350003343867531,0,market_ingress,0,1024,3,0,0
7350003343867531,0,trader_request,0,1024,1,0,0
7350003343867531,0,trading_callback,0,1024,2,0,0
7350003343867531,0,trace,0,8192,11,0,0
7350003343867531,0,latency,0,4096,4,0,0
7350003444222754,0,market_ingress,0,1024,3,0,0
7350003444222754,0,trader_request,0,1024,1,0,0
7350003444222754,0,trading_callback,0,1024,2,0,0
7350003444222754,0,trace,0,8192,11,0,0
7350003444222754,0,latency,0,4096,4,0,0
7350003544564531,0,market_ingress,0,1024,3,0,0
7350003544564531,0,trader_request,0,1024,1,0,0
7350003544564531,0,trading_callback,0,1024,2,0,0
7350003544564531,0,trace,0,8192,11,0,0
7350003544564531,0,latency,0,4096,4,0,0
7350003644824558,0,market_ingress,0,1024,3,0,0
7350003644824558,0,trader_request,0,1024,1,0,0
7350003644824558,0,trading_callback,0,1024,2,0,0
7350003644824558,0,trace,0,8192,11,0,0
7350003644824558,0,latency,0,4096,4,0,0
7350003745162144,0,market_ingress,0,1024,3,0,0
7350003745162144,0,trader_request,0,1024,1,0,0
7350003745162144,0,trading_callback,0,1024,2,0,0
7350003745162144,0,trace,0,8192,11,0,0
7350003745162144,0,latency,0,4096,4,0,0
7350003845489686,0,market_ingress,0,1024,3,0,0
7350003845489686,0,trader_request,0,1024,1,0,0
7350003845489686,0,trading_callback,0,1024,2,0,0
7350003845489686,0,trace,0,8192,11,0,0
7350003845489686,0,latency,0,4096,4,0,0
7350003945835163,0,market_ingress,0,1024,3,0,0
7350003945835163,0,trader_request,0,1024,1,0,0
7350003945835163,0,trading_callback,0,1024,2,0,0
7350003945835163,0,trace,0,8192,11,0,0
7350003945835163,0,latency,0,4096,4,0,0
7350004046185627,0,market_ingress,0,1024,3,0,0
7350004046185627,0,trader_request,0,1024,1,0,0
7350004046185627,0,trading_callback,0,1024,2,0,0
7350004046185627,0,trace,0,8192,11,0,0
7350004046185627,0,latency,0,4096,4,0,0
7350004146560605,0,market_ingress,0,1024,3,0,0
7350004146560605,0,trader_request,0,1024,1,0,0
7350004146560605,0,trading_callback,0,1024,2,0,0
7350004146560605,0,trace,0,8192,11,0,0
7350004146560605,0,latency,0,4096,4,0,0
7350004246914010,0,market_ingress,0,1024,3,0,0
7350004246914010,0,trader_request,0,1024,1,0,0
7350004246914010,0,trading_callback,0,1024,2,0,0
7350004246914010,0,trace,0,8192,11,0,0
7350004246914010,0,latency,0,4096,4,0,0
7350004347276634,0,market_ingress,0,1024,3,0,0
7350004347276634,0,trader_request,0,1024,1,0,0
7350004347276634,0,trading_callback,0,1024,2,0,0
7350004347276634,0,trace,0,8192,11,0,0
7350004347276634,0,latency,0,4096,4,0,0
7350004447618942,0,market_ingress,0,1024,5,0,0
7350004447618942,0,trader_request,0,1024,1,0,0
7350004447618942,0,trading_callback,0,1024,3,0,0
7350004447618942,0,trace,0,8192,11,0,0
7350004447618942,0,latency,0,4096,4,0,0
7350004547960712,0,market_ingress,0,1024,5,0,0
7350004547960712,0,trader_request,0,1024,1,0,0
7350004547960712,0,trading_callback,0,1024,3,0,0
7350004547960712,0,trace,0,8192,11,0,0
7350004547960712,0,latency,0,4096,4,0,0
7350004648305565,0,market_ingress,0,1024,5,0,0
7350004648305565,0,trader_request,0,1024,1,0,0
7350004648305565,0,trading_callback,0,1024,3,0,0
7350004648305565,0,trace,0,8192,11,0,0
7350004648305565,0,latency,0,4096,4,0,0
7350004748572131,0,market_ingress,0,1024,5,0,0
7350004748572131,0,trader_request,0,1024,1,0,0
7350004748572131,0,trading_callback,0,1024,3,0,0
7350004748572131,0,trace,0,8192,11,0,0
7350004748572131,0,latency,0,4096,4,0,0
7350004848845374,0,market_ingress,0,1024,5,0,0
7350004848845374,0,trader_request,0,1024,1,0,0
7350004848845374,0,trading_callback,0,1024,3,0,0
7350004848845374,0,trace,0,8192,11,0,0
7350004848845374,0,latency,0,4096,4,0,0
7350004949134977,0,market_ingress,0,1024,5,0,0
7350004949134977,0,trader_request,0,1024,1,0,0
7350004949134977,0,trading_callback,0,1024,3,0,0
7350004949134977,0,trace,0,8192,11,0,0
7350004949134977,0,latency,0,4096,4,0,0
7350005049434599,0,market_ingress,0,1024,5,0,0
7350005049434599,0,trader_request,0,1024,1,0,0
7350005049434599,0,trading_callback,0,1024,3,0,0
7350005049434599,0,trace,0,8192,11,0,0
7350005049434599,0,latency,0,4096,4,0,0
7350005149691174,0,market_ingress,0,1024,5,0,0
7350005149691174,0,trader_request,0,1024,1,0,0
7350005149691174,0,trading_callback,0,1024,3,0,0
7350005149691174,0,trace,0,8192,11,0,0
7350005149691174,0,latency,0,4096,4,0,0
7350005249943847,0,market_ingress,0,1024,5,0,0
7350005249943847,0,trader_request,0,1024,1,0,0
7350005249943847,0,trading_callback,0,1024,3,0,0
7350005249943847,0,trace,0,8192,11,0,0
7350005249943847,0,latency,0,4096,4,0,0
7350005350206803,0,market_ingress,0,1024,5,0,0
7350005350206803,0,trader_request,0,1024,1,0,0
7350005350206803,0,trading_callback,0,1024,3,0,0
7350005350206803,0,trace,0,8192,11,0,0
7350005350206803,0,latency,0,4096,4,0,0
7350005450477666,0,market_ingress,0,1024,5,0,0
7350005450477666,0,trader_request,0,1024,1,0,0
7350005450477666,0,trading_callback,0,1024,3,0,0
7350005450477666,0,trace,0,8192,11,0,0
7350005450477666,0,latency,0,4096,4,0,0
7350005550752441,0,market_ingress,0,1024,5,0,0
7350005550752441,0,trader_request,0,1024,1,0,0
7350005550752441,0,trading_callback,0,1024,3,0,0
7350005550752441,0,trace,0,8192,11,0,0
7350005550752441,0,latency,0,4096,4,0,0
7350005651029066,0,market_ingress,0,1024,5,0,0
7350005651029066,0,trader_request,0,1024,1,0,0
7350005651029066,0,trading_callback,0,1024,3,0,0
7350005651029066,0,trace,0,8192,11,0,0
7350005651029066,0,latency,0,4096,4,0,0
7350005751308515,0,market_ingress,0,1024,5,0,0
7350005751308515,0,trader_request,0,1024,1,0,0
7350005751308515,0,trading_callback,0,1024,3,0,0
7350005751308515,0,trace,0,8192,11,0,0
7350005751308515,0,latency,0,4096,4,0,0
7350005851804430,0,market_ingress,0,1024,5,0,0
7350005851804430,0,trader_request,0,1024,1,0,0
7350005851804430,0,trading_callback,0,1024,3,0,0
7350005851804430,0,trace,0,8192,11,0,0
7350005851804430,0,latency,0,4096,4,0,0
7350005952100980,0,market_ingress,0,1024,5,0,0
7350005952100980,0,trader_request,0,1024,1,0,0
7350005952100980,0,trading_callback,0,1024,3,0,0
7350005952100980,0,trace,0,8192,11,0,0
7350005952100980,0,latency,0,4096,4,0,0
7350006052407918,0,market_ingress,0,1024,5,0,0
7350006052407918,0,trader_request,0,1024,1,0,0
7350006052407918,0,trading_callback,0,1024,3,0,0
7350006052407918,0,trace,0,8192,11,0,0
7350006052407918,0,latency,0,4096,4,0,0
7350006152772722,0,market_ingress,0,1024,5,0,0
7350006152772722,0,trader_request,0,1024,1,0,0
7350006152772722,0,trading_callback,0,1024,3,0,0
7350006152772722,0,trace,0,8192,11,0,0
7350006152772722,0,latency,0,4096,4,0,0
7350006253153552,0,market_ingress,0,1024,5,0,0
7350006253153552,0,trader_request,0,1024,1,0,0
7350006253153552,0,trading_callback,0,1024,3,0,0
7350006253153552,0,trace,0,8192,11,0,0
7350006253153552,0,latency,0,4096,4,0,0
7350006353512473,0,market_ingress,0,1024,5,0,0
7350006353512473,0,trader_request,0,1024,1,0,0
7350006353512473,0,trading_callback,0,1024,3,0,0
7350006353512473,0,trace,0,8192,11,0,0
7350006353512473,0,latency,0,4096,4,0,0
7350006453883611,0,market_ingress,0,1024,5,0,0
7350006453883611,0,trader_request,0,1024,1,0,0
7350006453883611,0,trading_callback,0,1024,3,0,0
7350006453883611,0,trace,0,8192,11,0,0
7350006453883611,0,latency,0,4096,4,0,0
7350006554272108,0,market_ingress,0,1024,5,0,0
7350006554272108,0,trader_request,0,1024,1,0,0
7350006554272108,0,trading_callback,0,1024,3,0,0
7350006554272108,0,trace,0,8192,11,0,0
7350006554272108,0,latency,0,4096,4,0,0
7350006654703914,0,market_ingress,0,1024,5,0,0
7350006654703914,0,trader_request,0,1024,1,0,0
7350006654703914,0,trading_callback,0,1024,3,0,0
7350006654703914,0,trace,0,8192,11,0,0
7350006654703914,0,latency,0,4096,4,0,0
7350006754985522,0,market_ingress,0,1024,5,0,0
7350006754985522,0,trader_request,0,1024,1,0,0
7350006754985522,0,trading_callback,0,1024,3,0,0
7350006754985522,0,trace,0,8192,11,0,0
7350006754985522,0,latency,0,4096,4,0,0
7350006855267379,0,market_ingress,0,1024,5,0,0
7350006855267379,0,trader_request,0,1024,1,0,0
7350006855267379,0,trading_callback,0,1024,3,0,0
7350006855267379,0,trace,0,8192,11,0,0
7350006855267379,0,latency,0,4096,4,0,0
7350006955550250,0,market_ingress,0,1024,5,0,0
7350006955550250,0,trader_request,0,1024,1,0,0
7350006955550250,0,trading_callback,0,1024,3,0,0
7350006955550250,0,trace,0,8192,11,0,0
7350006955550250,0,latency,0,4096,4,0,0
7350007055835067,0,market_ingress,0,1024,5,0,0
7350007055835067,0,trader_request,0,1024,1,0,0
7350007055835067,0,trading_callback,0,1024,3,0,0
7350007055835067,0,trace,0,8192,11,0,0
7350007055835067,0,latency,0,4096,4,0,0
7350007156131779,0,market_ingress,0,1024,5,0,0
7350007156131779,0,trader_request,0,1024,1,0,0
7350007156131779,0,trading_callback,0,1024,3,0,0
7350007156131779,0,trace,0,8192,11,0,0
7350007156131779,0,latency,0,4096,4,0,0
7350007256415584,0,market_ingress,0,1024,5,0,0
7350007256415584,0,trader_request,0,1024,1,0,0
7350007256415584,0,trading_callback,0,1024,3,0,0
7350007256415584,0,trace,0,8192,11,0,0
7350007256415584,0,latency,0,4096,4,0,0
7350007356694126,0,market_ingress,0,1024,5,0,0
7350007356694126,0,trader_request,0,1024,1,0,0
7350007356694126,0,trading_callback,0,1024,3,0,0
7350007356694126,0,trace,0,8192,11,0,0
7350007356694126,0,latency,0,4096,4,0,0
7350007456991015,0,market_ingress,0,1024,5,0,0
7350007456991015,0,trader_request,0,1024,1,0,0
7350007456991015,0,trading_callback,0,1024,3,0,0
7350007456991015,0,trace,0,8192,11,0,0
7350007456991015,0,latency,0,4096,4,0,0
7350007557273461,0,market_ingress,0,1024,5,0,0
7350007557273461,0,trader_request,0,1024,1,0,0
7350007557273461,0,trading_callback,0,1024,3,0,0
7350007557273461,0,trace,0,8192,11,0,0
7350007557273461,0,latency,0,4096,4,0,0
7350007657641950,0,market_ingress,0,1024,5,0,0
7350007657641950,0,trader_request,0,1024,1,0,0
7350007657641950,0,trading_callback,0,1024,3,0,0
7350007657641950,0,trace,0,8192,11,0,0
7350007657641950,0,latency,0,4096,4,0,0
7350007757938914,0,market_ingress,0,1024,5,0,0
7350007757938914,0,trader_request,0,1024,1,0,0
7350007757938914,0,trading_callback,0,1024,3,0,0
7350007757938914,0,trace,0,8192,11,0,0
7350007757938914,0,latency,0,4096,4,0,0
7350007858258205,0,market_ingress,0,1024,5,0,0
7350007858258205,0,trader_request,0,1024,1,0,0
7350007858258205,0,trading_callback,0,1024,3,0,0
7350007858258205,0,trace,0,8192,11,0,0
7350007858258205,0,latency,0,4096,4,0,0
7350007958546381,0,market_ingress,0,1024,5,0,0
7350007958546381,0,trader_request,0,1024,1,0,0
7350007958546381,0,trading_callback,0,1024,3,0,0
7350007958546381,0,trace,0,8192,11,0,0
7350007958546381,0,latency,0,4096,4,0,0
7350008058834653,0,market_ingress,0,1024,5,0,0
7350008058834653,0,trader_request,0,1024,1,0,0
7350008058834653,0,trading_callback,0,1024,3,0,0
7350008058834653,0,trace,0,8192,11,0,0
7350008058834653,0,latency,0,4096,4,0,0
7350008159128876,0,market_ingress,0,1024,5,0,0
7350008159128876,0,trader_request,0,1024,1,0,0
7350008159128876,0,trading_callback,0,1024,3,0,0
7350008159128876,0,trace,0,8192,11,0,0
7350008159128876,0,latency,0,4096,4,0,0
7350008259434976,0,market_ingress,0,1024,5,0,0
7350008259434976,0,trader_request,0,1024,1,0,0
7350008259434976,0,trading_callback,0,1024,3,0,0
7350008259434976,0,trace,0,8192,11,0,0
7350008259434976,0,latency,0,4096,4,0,0
7350008359718831,0,market_ingress,0,1024,5,0,0
7350008359718831,0,trader_request,0,1024,1,0,0
7350008359718831,0,trading_callback,0,1024,3,0,0
7350008359718831,0,trace,0,8192,11,0,0
7350008359718831,0,latency,0,4096,4,0,0
7350008459994315,0,market_ingress,0,1024,5,0,0
7350008459994315,0,trader_request,0,1024,1,0,0
7350008459994315,0,trading_callback,0,1024,3,0,0
7350008459994315,0,trace,0,8192,11,0,0
7350008459994315,0,latency,0,4096,4,0,0
7350008560339323,0,market_ingress,0,1024,5,0,0
7350008560339323,0,trader_request,0,1024,1,0,0
7350008560339323,0,trading_callback,0,1024,3,0,0
7350008560339323,0,trace,0,8192,11,0,0
7350008560339323,0,latency,0,4096,4,0,0
7350008660630713,0,market_ingress,0,1024,5,0,0
7350008660630713,0,trader_request,0,1024,1,0,0
7350008660630713,0,trading_callback,0,1024,3,0,0
7350008660630713,0,trace,0,8192,11,0,0
7350008660630713,0,latency,0,4096,4,0,0
7350008760925005,0,market_ingress,0,1024,5,0,0
7350008760925005,0,trader_request,0,1024,1,0,0
7350008760925005,0,trading_callback,0,1024,3,0,0
7350008760925005,0,trace,0,8192,11,0,0
7350008760925005,0,latency,0,4096,4,0,0
7350008861201988,0,market_ingress,0,1024,5,0,0
7350008861201988,0,trader_request,0,1024,1,0,0
7350008861201988,0,trading_callback,0,1024,3,0,0
7350008861201988,0,trace,0,8192,11,0,0
7350008861201988,0,latency,0,4096,4,0,0
7350008961470834,0,market_ingress,0,1024,5,0,0
7350008961470834,0,trader_request,0,1024,1,0,0
7350008961470834,0,trading_callback,0,1024,3,0,0
7350008961470834,0,trace,0,8192,11,0,0
7350008961470834,0,latency,0,4096,4,0,0
7350009061742288,0,market_ingress,0,1024,5,0,0
7350009061742288,0,trader_request,0,1024,1,0,0
7350009061742288,0,trading_callback,0,1024,3,0,0
7350009061742288,0,trace,0,8192,11,0,0
7350009061742288,0,latency,0,4096,4,0,0
7350009162021108,0,market_ingress,0,1024,5,0,0
7350009162021108,0,trader_request,0,1024,1,0,0
7350009162021108,0,trading_callback,0,1024,3,0,0
7350009162021108,0,trace,0,8192,11,0,0
7350009162021108,0,latency,0,4096,4,0,0
7350009262305897,0,market_ingress,0,1024,5,0,0
7350009262305897,0,trader_request,0,1024,1,0,0
7350009262305897,0,trading_callback,0,1024,3,0,0
7350009262305897,0,trace,0,8192,11,0,0
7350009262305897,0,latency,0,4096,4,0,0
7350009362693072,0,market_ingress,0,1024,5,0,0
7350009362693072,0,trader_request,0,1024,1,0,0
7350009362693072,0,trading_callback,0,1024,3,0,0
7350009362693072,0,trace,0,8192,11,0,0
7350009362693072,0,latency,0,4096,4,0,0
7350009463064907,0,market_ingress,0,1024,5,0,0
7350009463064907,0,trader_request,0,1024,1,0,0
7350009463064907,0,trading_callback,0,1024,3,0,0
7350009463064907,0,trace,0,8192,11,0,0
7350009463064907,0,latency,0,4096,4,0,0
7350009563381140,0,market_ingress,0,1024,5,0,0
7350009563381140,0,trader_request,0,1024,1,0,0
7350009563381140,0,trading_callback,0,1024,3,0,0
7350009563381140,0,trace,0,8192,11,0,0
7350009563381140,0,latency,0,4096,4,0,0
7350009663769506,0,market_ingress,0,1024,5,0,0
7350009663769506,0,trader_request,0,1024,1,0,0
7350009663769506,0,trading_callback,0,1024,3,0,0
7350009663769506,0,trace,0,8192,11,0,0
7350009663769506,0,latency,0,4096,4,0,0
7350009764030289,0,market_ingress,0,1024,18,0,0
7350009764030289,0,trader_request,0,1024,1,0,0
7350009764030289,0,trading_callback,0,1024,3,0,0
7350009764030289,0,trace,0,8192,34,0,0
7350009764030289,0,latency,0,4096,4,0,0
7350009864323695,0,market_ingress,0,1024,18,0,0
7350009864323695,0,trader_request,0,1024,1,0,0
7350009864323695,0,trading_callback,0,1024,3,0,0
7350009864323695,0,trace,0,8192,34,0,0
7350009864323695,0,latency,0,4096,4,0,0
7350009964632283,0,market_ingress,0,1024,18,0,0
7350009964632283,0,trader_request,0,1024,1,0,0
7350009964632283,0,trading_callback,0,1024,3,0,0
7350009964632283,0,trace,0,8192,34,0,0
7350009964632283,0,latency,0,4096,4,0,0
7350010064923424,0,market_ingress,0,1024,18,0,0
7350010064923424,0,trader_request,0,1024,1,0,0
7350010064923424,0,trading_callback,0,1024,3,0,0
7350010064923424,0,trace,0,8192,34,0,0
7350010064923424,0,latency,0,4096,4,0,0
7350010165293706,0,market_ingress,0,1024,18,0,0
7350010165293706,0,trader_request,0,1024,1,0,0
7350010165293706,0,trading_callback,0,1024,3,0,0
7350010165293706,0,trace,0,8192,34,0,0
7350010165293706,0,latency,0,4096,4,0,0
7350010265582083,0,market_ingress,0,1024,18,0,0
7350010265582083,0,trader_request,0,1024,1,0,0
7350010265582083,0,trading_callback,0,1024,3,0,0
7350010265582083,0,trace,0,8192,34,0,0
7350010265582083,0,latency,0,4096,4,0,0
7350010365864081,0,market_ingress,0,1024,18,0,0
7350010365864081,0,trader_request,0,1024,1,0,0
7350010365864081,0,trading_callback,0,1024,3,0,0
7350010365864081,0,trace,0,8192,34,0,0
7350010365864081,0,latency,0,4096,4,0,0
7350010466174042,0,market_ingress,0,1024,18,0,0
7350010466174042,0,trader_request,0,1024,1,0,0
7350010466174042,0,trading_callback,0,1024,3,0,0
7350010466174042,0,trace,0,8192,34,0,0
7350010466174042,0,latency,0,4096,4,0,0
7350010566446482,0,market_ingress,0,1024,18,0,0
7350010566446482,0,trader_request,0,1024,1,0,0
7350010566446482,0,trading_callback,0,1024,3,0,0
7350010566446482,0,trace,0,8192,34,0,0
7350010566446482,0,latency,0,4096,4,0,0
7350010666721909,0,market_ingress,0,1024,18,0,0
7350010666721909,0,trader_request,0,1024,1,0,0
7350010666721909,0,trading_callback,0,1024,3,0,0
7350010666721909,0,trace,0,8192,34,0,0
7350010666721909,0,latency,0,4096,4,0,0
7350010767006586,0,market_ingress,0,1024,18,0,0
7350010767006586,0,trader_request,0,1024,1,0,0
7350010767006586,0,trading_callback,0,1024,3,0,0
7350010767006586,0,trace,0,8192,34,0,0
7350010767006586,0,latency,0,4096,4,0,0
7350010867287000,0,market_ingress,0,1024,18,0,0
7350010867287000,0,trader_request,0,1024,1,0,0
7350010867287000,0,trading_callback,0,1024,3,0,0
7350010867287000,0,trace,0,8192,34,0,0
7350010867287000,0,latency,0,4096,4,0,0
7350010967592961,0,market_ingress,0,1024,18,0,0
7350010967592961,0,trader_request,0,1024,1,0,0
7350010967592961,0,trading_callback,0,1024,3,0,0
7350010967592961,0,trace,0,8192,34,0,0
7350010967592961,0,latency,0,4096,4,0,0
7350011067892761,0,market_ingress,0,1024,18,0,0
7350011067892761,0,trader_request,0,1024,1,0,0
7350011067892761,0,trading_callback,0,1024,3,0,0
7350011067892761,0,trace,0,8192,34,0,0
7350011067892761,0,latency,0,4096,4,0,0
7350011168200604,0,market_ingress,0,1024,18,0,0
7350011168200604,0,trader_request,0,1024,1,0,0
7350011168200604,0,trading_callback,0,1024,3,0,0
7350011168200604,0,trace,0,8192,34,0,0
7350011168200604,0,latency,0,4096,4,0,0
7350011268505519,0,market_ingress,0,1024,18,0,0
7350011268505519,0,trader_request,0,1024,1,0,0
7350011268505519,0,trading_callback,0,1024,3,0,0
7350011268505519,0,trace,0,8192,34,0,0
7350011268505519,0,latency,0,4096,4,0,0
7350011368783807,0,market_ingress,0,1024,18,0,0
7350011368783807,0,trader_request,0,1024,1,0,0
7350011368783807,0,trading_callback,0,1024,3,0,0
7350011368783807,0,trace,0,8192,34,0,0
7350011368783807,0,latency,0,4096,4,0,0
7350011469068577,0,market_ingress,0,1024,18,0,0
7350011469068577,0,trader_request,0,1024,1,0,0
7350011469068577,0,trading_callback,0,1024,3,0,0
7350011469068577,0,trace,0,8192,34,0,0
7350011469068577,0,latency,0,4096,4,0,0
7350011569349916,0,market_ingress,0,1024,18,0,0
7350011569349916,0,trader_request,0,1024,1,0,0
7350011569349916,0,trading_callback,0,1024,3,0,0
7350011569349916,0,trace,0,8192,34,0,0
7350011569349916,0,latency,0,4096,4,0,0
7350011669628571,0,market_ingress,0,1024,18,0,0
7350011669628571,0,trader_request,0,1024,1,0,0
7350011669628571,0,trading_callback,0,1024,3,0,0
7350011669628571,0,trace,0,8192,34,0,0
7350011669628571,0,latency,0,4096,4,0,0
7350011770007946,0,market_ingress,0,1024,18,0,0
7350011770007946,0,trader_request,0,1024,1,0,0
7350011770007946,0,trading_callback,0,1024,3,0,0
7350011770007946,0,trace,0,8192,34,0,0
7350011770007946,0,latency,0,4096,4,0,0
7350011870383667,0,market_ingress,0,1024,18,0,0
7350011870383667,0,trader_request,0,1024,1,0,0
7350011870383667,0,trading_callback,0,1024,3,0,0
7350011870383667,0,trace,0,8192,34,0,0
7350011870383667,0,latency,0,4096,4,0,0
7350011970670233,0,market_ingress,0,1024,18,0,0
7350011970670233,0,trader_request,0,1024,1,0,0
7350011970670233,0,trading_callback,0,1024,3,0,0
7350011970670233,0,trace,0,8192,34,0,0
7350011970670233,0,latency,0,4096,4,0,0
7350012070954067,0,market_ingress,0,1024,18,0,0
7350012070954067,0,trader_request,0,1024,1,0,0
7350012070954067,0,trading_callback,0,1024,3,0,0
7350012070954067,0,trace,0,8192,34,0,0
7350012070954067,0,latency,0,4096,4,0,0
7350012171246865,0,market_ingress,0,1024,18,0,0
7350012171246865,0,trader_request,0,1024,1,0,0
7350012171246865,0,trading_callback,0,1024,3,0,0
7350012171246865,0,trace,0,8192,34,0,0
7350012171246865,0,latency,0,4096,4,0,0
7350012271530682,0,market_ingress,0,1024,18,0,0
7350012271530682,0,trader_request,0,1024,1,0,0
7350012271530682,0,trading_callback,0,1024,3,0,0
7350012271530682,0,trace,0,8192,34,0,0
7350012271530682,0,latency,0,4096,4,0,0
7350012371929921,0,market_ingress,0,1024,18,0,0
7350012371929921,0,trader_request,0,1024,1,0,0
7350012371929921,0,trading_callback,0,1024,3,0,0
7350012371929921,0,trace,0,8192,34,0,0
7350012371929921,0,latency,0,4096,4,0,0
7350012472318202,0,market_ingress,0,1024,18,0,0
7350012472318202,0,trader_request,0,1024,1,0,0
7350012472318202,0,trading_callback,0,1024,3,0,0
7350012472318202,0,trace,0,8192,34,0,0
7350012472318202,0,latency,0,4096,4,0,0
7350012572687770,0,market_ingress,0,1024,18,0,0
7350012572687770,0,trader_request,0,1024,1,0,0
7350012572687770,0,trading_callback,0,1024,3,0,0
7350012572687770,0,trace,0,8192,34,0,0
7350012572687770,0,latency,0,4096,4,0,0
7350012673083592,0,market_ingress,0,1024,18,0,0
7350012673083592,0,trader_request,0,1024,1,0,0
7350012673083592,0,trading_callback,0,1024,3,0,0
7350012673083592,0,trace,0,8192,34,0,0
7350012673083592,0,latency,0,4096,4,0,0
7350012773468173,0,market_ingress,0,1024,18,0,0
7350012773468173,0,trader_request,0,1024,1,0,0
7350012773468173,0,trading_callback,0,1024,3,0,0
7350012773468173,0,trace,0,8192,34,0,0
7350012773468173,0,latency,0,4096,4,0,0
7350012873829854,0,market_ingress,0,1024,18,0,0
7350012873829854,0,trader_request,0,1024,1,0,0
7350012873829854,0,trading_callback,0,1024,3,0,0
7350012873829854,0,trace,0,8192,34,0,0
7350012873829854,0,latency,0,4096,4,0,0
7350012974235417,0,market_ingress,0,1024,18,0,0
7350012974235417,0,trader_request,0,1024,1,0,0
7350012974235417,0,trading_callback,0,1024,3,0,0
7350012974235417,0,trace,0,8192,34,0,0
7350012974235417,0,latency,0,4096,4,0,0
7350013074508419,0,market_ingress,0,1024,18,0,0
7350013074508419,0,trader_request,0,1024,1,0,0
7350013074508419,0,trading_callback,0,1024,3,0,0
7350013074508419,0,trace,0,8192,34,0,0
7350013074508419,0,latency,0,4096,4,0,0
7350013174799896,0,market_ingress,0,1024,18,0,0
7350013174799896,0,trader_request,0,1024,1,0,0
7350013174799896,0,trading_callback,0,1024,3,0,0
7350013174799896,0,trace,0,8192,34,0,0
7350013174799896,0,latency,0,4096,4,0,0
7350013275085513,0,market_ingress,0,1024,18,0,0
7350013275085513,0,trader_request,0,1024,1,0,0
7350013275085513,0,trading_callback,0,1024,3,0,0
7350013275085513,0,trace,0,8192,34,0,0
7350013275085513,0,latency,0,4096,4,0,0
7350013375366294,0,market_ingress,0,1024,18,0,0
7350013375366294,0,trader_request,0,1024,1,0,0
7350013375366294,0,trading_callback,0,1024,3,0,0
7350013375366294,0,trace,0,8192,34,0,0
7350013375366294,0,latency,0,4096,4,0,0
7350013475638831,0,market_ingress,0,1024,18,0,0
7350013475638831,0,trader_request,0,1024,1,0,0
7350013475638831,0,trading_callback,0,1024,3,0,0
7350013475638831,0,trace,0,8192,34,0,0
7350013475638831,0,latency,0,4096,4,0,0
7350013575903131,0,market_ingress,0,1024,18,0,0
7350013575903131,0,trader_request,0,1024,1,0,0
7350013575903131,0,trading_callback,0,1024,3,0,0
7350013575903131,0,trace,0,8192,34,0,0
7350013575903131,0,latency,0,4096,4,0,0
7350013676217738,0,market_ingress,0,1024,18,0,0
7350013676217738,0,trader_request,0,1024,1,0,0
7350013676217738,0,trading_callback,0,1024,3,0,0
7350013676217738,0,trace,0,8192,34,0,0
7350013676217738,0,latency,0,4096,4,0,0
7350013776496029,0,market_ingress,0,1024,18,0,0
7350013776496029,0,trader_request,0,1024,1,0,0
7350013776496029,0,trading_callback,0,1024,3,0,0
7350013776496029,0,trace,0,8192,34,0,0
7350013776496029,0,latency,0,4096,4,0,0
7350013876874504,0,market_ingress,0,1024,18,0,0
7350013876874504,0,trader_request,0,1024,1,0,0
7350013876874504,0,trading_callback,0,1024,3,0,0
7350013876874504,0,trace,0,8192,34,0,0
7350013876874504,0,latency,0,4096,4,0,0
7350013977189221,0,market_ingress,0,1024,18,0,0
7350013977189221,0,trader_request,0,1024,1,0,0
7350013977189221,0,trading_callback,0,1024,3,0,0
7350013977189221,0,trace,0,8192,34,0,0
7350013977189221,0,latency,0,4096,4,0,0
7350014077454416,0,market_ingress,0,1024,18,0,0
7350014077454416,0,trader_request,0,1024,1,0,0
7350014077454416,0,trading_callback,0,1024,3,0,0
7350014077454416,0,trace,0,8192,34,0,0
7350014077454416,0,latency,0,4096,4,0,0
7350014177736116,0,market_ingress,0,1024,18,0,0
7350014177736116,0,trader_request,0,1024,1,0,0
7350014177736116,0,trading_callback,0,1024,3,0,0
7350014177736116,0,trace,0,8192,34,0,0
7350014177736116,0,latency,0,4096,4,0,0
7350014278106051,0,market_ingress,0,1024,18,0,0
7350014278106051,0,trader_request,0,1024,1,0,0
7350014278106051,0,trading_callback,0,1024,3,0,0
7350014278106051,0,trace,0,8192,34,0,0
7350014278106051,0,latency,0,4096,4,0,0
7350014378445750,0,market_ingress,0,1024,18,0,0
7350014378445750,0,trader_request,0,1024,1,0,0
7350014378445750,0,trading_callback,0,1024,3,0,0
7350014378445750,0,trace,0,8192,34,0,0
7350014378445750,0,latency,0,4096,4,0,0
7350014478782348,0,market_ingress,0,1024,18,0,0
7350014478782348,0,trader_request,0,1024,1,0,0
7350014478782348,0,trading_callback,0,1024,3,0,0
7350014478782348,0,trace,0,8192,34,0,0
7350014478782348,0,latency,0,4096,4,0,0
7350014579063129,0,market_ingress,0,1024,18,0,0
7350014579063129,0,trader_request,0,1024,1,0,0
7350014579063129,0,trading_callback,0,1024,3,0,0
7350014579063129,0,trace,0,8192,34,0,0
7350014579063129,0,latency,0,4096,4,0,0
7350014679372455,0,market_ingress,0,1024,18,0,0
7350014679372455,0,trader_request,0,1024,1,0,0
7350014679372455,0,trading_callback,0,1024,3,0,0
7350014679372455,0,trace,0,8192,34,0,0
7350014679372455,0,latency,0,4096,4,0,0
7350014779643930,0,market_ingress,0,1024,18,0,0
7350014779643930,0,trader_request,0,1024,1,0,0
7350014779643930,0,trading_callback,0,1024,3,0,0
7350014779643930,0,trace,0,8192,34,0,0
7350014779643930,0,latency,0,4096,4,0,0
7350014879918514,0,market_ingress,0,1024,18,0,0
7350014879918514,0,trader_request,0,1024,1,0,0
7350014879918514,0,trading_callback,0,1024,3,0,0
7350014879918514,0,trace,0,8192,34,0,0
7350014879918514,0,latency,0,4096,4,0,0
7350014980228260,0,market_ingress,0,1024,18,0,0
7350014980228260,0,trader_request,0,1024,1,0,0
7350014980228260,0,trading_callback,0,1024,3,0,0
7350014980228260,0,trace,0,8192,34,0,0
7350014980228260,0,latency,0,4096,4,0,0
7350015080500367,0,market_ingress,0,1024,18,0,0
7350015080500367,0,trader_request,0,1024,1,0,0
7350015080500367,0,trading_callback,0,1024,3,0,0
7350015080500367,0,trace,0,8192,34,0,0
7350015080500367,0,latency,0,4096,4,0,0
7350015180771354,0,market_ingress,0,1024,18,0,0
7350015180771354,0,trader_request,0,1024,1,0,0
7350015180771354,0,trading_callback,0,1024,3,0,0
7350015180771354,0,trace,0,8192,34,0,0
7350015180771354,0,latency,0,4096,4,0,0
7350015281049693,0,market_ingress,0,1024,18,0,0
7350015281049693,0,trader_request,0,1024,1,0,0
7350015281049693,0,trading_callback,0,1024,3,0,0
7350015281049693,0,trace,0,8192,34,0,0
7350015281049693,0,latency,0,4096,4,0,0
7350015381319920,0,market_ingress,0,1024,18,0,0
7350015381319920,0,trader_request,0,1024,1,0,0
7350015381319920,0,trading_callback,0,1024,3,0,0
7350015381319920,0,trace,0,8192,34,0,0
7350015381319920,0,latency,0,4096,4,0,0
7350015481586927,0,market_ingress,0,1024,18,0,0
7350015481586927,0,trader_request,0,1024,1,0,0
7350015481586927,0,trading_callback,0,1024,3,0,0
7350015481586927,0,trace,0,8192,34,0,0
7350015481586927,0,latency,0,4096,4,0,0
7350015581860554,0,market_ingress,0,1024,18,0,0
7350015581860554,0,trader_request,0,1024,1,0,0
7350015581860554,0,trading_callback,0,1024,3,0,0
7350015581860554,0,trace,0,8192,34,0,0
7350015581860554,0,latency,0,4096,4,0,0
7350015682136390,0,market_ingress,0,1024,18,0,0
7350015682136390,0,trader_request,0,1024,1,0,0
7350015682136390,0,trading_callback,0,1024,3,0,0
7350015682136390,0,trace,0,8192,34,0,0
7350015682136390,0,latency,0,4096,4,0,0
7350015782413183,0,market_ingress,0,1024,18,0,0
7350015782413183,0,trader_request,0,1024,1,0,0
7350015782413183,0,trading_callback,0,1024,3,0,0
7350015782413183,0,trace,0,8192,34,0,0
7350015782413183,0,latency,0,4096,4,0,0
7350015882691175,0,market_ingress,0,1024,18,0,0
7350015882691175,0,trader_request,0,1024,1,0,0
7350015882691175,0,trading_callback,0,1024,3,0,0
7350015882691175,0,trace,0,8192,34,0,0
7350015882691175,0,latency,0,4096,4,0,0
7350015982969210,0,market_ingress,0,1024,18,0,0
7350015982969210,0,trader_request,0,1024,1,0,0
7350015982969210,0,trading_callback,0,1024,3,0,0
7350015982969210,0,trace,0,8192,34,0,0
7350015982969210,0,latency,0,4096,4,0,0
7350016083263162,0,market_ingress,0,1024,18,0,0
7350016083263162,0,trader_request,0,1024,1,0,0
7350016083263162,0,trading_callback,0,1024,3,0,0
7350016083263162,0,trace,0,8192,34,0,0
7350016083263162,0,latency,0,4096,4,0,0
7350016183539893,0,market_ingress,0,1024,18,0,0
7350016183539893,0,trader_request,0,1024,1,0,0
7350016183539893,0,trading_callback,0,1024,3,0,0
7350016183539893,0,trace,0,8192,34,0,0
7350016183539893,0,latency,0,4096,4,0,0
7350016283821216,0,market_ingress,0,1024,18,0,0
7350016283821216,0,trader_request,0,1024,1,0,0
7350016283821216,0,trading_callback,0,1024,3,0,0
7350016283821216,0,trace,0,8192,34,0,0
7350016283821216,0,latency,0,4096,4,0,0
7350016384137610,0,market_ingress,0,1024,18,0,0
7350016384137610,0,trader_request,0,1024,1,0,0
7350016384137610,0,trading_callback,0,1024,3,0,0
7350016384137610,0,trace,0,8192,34,0,0
7350016384137610,0,latency,0,4096,4,0,0
7350016484415879,0,market_ingress,0,1024,18,0,0
7350016484415879,0,trader_request,0,1024,1,0,0
7350016484415879,0,trading_callback,0,1024,3,0,0
7350016484415879,0,trace,0,8192,34,0,0
7350016484415879,0,latency,0,4096,4,0,0
7350016584690017,0,market_ingress,0,1024,18,0,0
7350016584690017,0,trader_request,0,1024,1,0,0
7350016584690017,0,trading_callback,0,1024,3,0,0
7350016584690017,0,trace,0,8192,34,0,0
7350016584690017,0,latency,0,4096,4,0,0
7350016684961320,0,market_ingress,0,1024,18,0,0
7350016684961320,0,trader_request,0,1024,1,0,0
7350016684961320,0,trading_callback,0,1024,3,0,0
7350016684961320,0,trace,0,8192,34,0,0
7350016684961320,0,latency,0,4096,4,0,0
7350016785232876,0,market_ingress,0,1024,18,0,0
7350016785232876,0,trader_request,0,1024,1,0,0
7350016785232876,0,trading_callback,0,1024,3,0,0
7350016785232876,0,trace,0,8192,34,0,0
7350016785232876,0,latency,0,4096,4,0,0
7350016885520951,0,market_ingress,0,1024,18,0,0
7350016885520951,0,trader_request,0,1024,1,0,0
7350016885520951,0,trading_callback,0,1024,3,0,0
7350016885520951,0,trace,0,8192,34,0,0
7350016885520951,0,latency,0,4096,4,0,0
7350016988122134,0,market_ingress,0,1024,18,0,0
7350016988122134,0,trader_request,0,1024,1,0,0
7350016988122134,0,trading_callback,0,1024,3,0,0
7350016988122134,0,trace,0,8192,34,0,0
7350016988122134,0,latency,0,4096,4,0,0
7350017088395092,0,market_ingress,0,1024,18,0,0
7350017088395092,0,trader_request,0,1024,1,0,0
7350017088395092,0,trading_callback,0,1024,3,0,0
7350017088395092,0,trace,0,8192,34,0,0
7350017088395092,0,latency,0,4096,4,0,0
7350017188672715,0,market_ingress,0,1024,18,0,0
7350017188672715,0,trader_request,0,1024,1,0,0
7350017188672715,0,trading_callback,0,1024,3,0,0
7350017188672715,0,trace,0,8192,34,0,0
7350017188672715,0,latency,0,4096,4,0,0
7350017288949991,0,market_ingress,0,1024,18,0,0
7350017288949991,0,trader_request,0,1024,1,0,0
7350017288949991,0,trading_callback,0,1024,3,0,0
7350017288949991,0,trace,0,8192,34,0,0
7350017288949991,0,latency,0,4096,4,0,0
7350017389210760,0,market_ingress,0,1024,18,0,0
7350017389210760,0,trader_request,0,1024,1,0,0
7350017389210760,0,trading_callback,0,1024,3,0,0
7350017389210760,0,trace,0,8192,34,0,0
7350017389210760,0,latency,0,4096,4,0,0
7350017489481441,0,market_ingress,0,1024,18,0,0
7350017489481441,0,trader_request,0,1024,1,0,0
7350017489481441,0,trading_callback,0,1024,3,0,0
7350017489481441,0,trace,0,8192,34,0,0
7350017489481441,0,latency,0,4096,4,0,0
7350017589744355,0,market_ingress,0,1024,18,0,0
7350017589744355,0,trader_request,0,1024,1,0,0
7350017589744355,0,trading_callback,0,1024,3,0,0
7350017589744355,0,trace,0,8192,34,0,0
7350017589744355,0,latency,0,4096,4,0,0
7350017689999600,0,market_ingress,0,1024,18,0,0
7350017689999600,0,trader_request,0,1024,1,0,0
7350017689999600,0,trading_callback,0,1024,3,0,0
7350017689999600,0,trace,0,8192,34,0,0
7350017689999600,0,latency,0,4096,4,0,0
7350017790262549,0,market_ingress,0,1024,18,0,0
7350017790262549,0,trader_request,0,1024,1,0,0
7350017790262549,0,trading_callback,0,1024,3,0,0
7350017790262549,0,trace,0,8192,34,0,0
7350017790262549,0,latency,0,4096,4,0,0
7350017890524844,0,market_ingress,0,1024,18,0,0
7350017890524844,0,trader_request,0,1024,1,0,0
7350017890524844,0,trading_callback,0,1024,3,0,0
7350017890524844,0,trace,0,8192,34,0,0
7350017890524844,0,latency,0,4096,4,0,0
7350017990812811,0,market_ingress,0,1024,18,0,0
7350017990812811,0,trader_request,0,1024,1,0,0
7350017990812811,0,trading_callback,0,1024,3,0,0
7350017990812811,0,trace,0,8192,34,0,0
7350017990812811,0,latency,0,4096,4,0,0
7350018091081820,0,market_ingress,0,1024,18,0,0
7350018091081820,0,trader_request,0,1024,1,0,0
7350018091081820,0,trading_callback,0,1024,3,0,0
7350018091081820,0,trace,0,8192,34,0,0
7350018091081820,0,latency,0,4096,4,0,0
7350018191349274,0,market_ingress,0,1024,18,0,0
7350018191349274,0,trader_request,0,1024,1,0,0
7350018191349274,0,trading_callback,0,1024,3,0,0
7350018191349274,0,trace,0,8192,34,0,0
7350018191349274,0,latency,0,4096,4,0,0
7350018291612199,0,market_ingress,0,1024,18,0,0
7350018291612199,0,trader_request,0,1024,1,0,0
7350018291612199,0,trading_callback,0,1024,3,0,0
7350018291612199,0,trace,0,8192,34,0,0
7350018291612199,0,latency,0,4096,4,0,0
7350018391879741,0,market_ingress,0,1024,18,0,0
7350018391879741,0,trader_request,0,1024,1,0,0
7350018391879741,0,trading_callback,0,1024,3,0,0
7350018391879741,0,trace,0,8192,34,0,0
7350018391879741,0,latency,0,4096,4,0,0
7350018492164747,0,market_ingress,0,1024,18,0,0
7350018492164747,0,trader_request,0,1024,1,0,0
7350018492164747,0,trading_callback,0,1024,3,0,0
7350018492164747,0,trace,0,8192,34,0,0
7350018492164747,0,latency,0,4096,4,0,0
7350018592429429,0,market_ingress,0,1024,18,0,0
7350018592429429,0,trader_request,0,1024,1,0,0
7350018592429429,0,trading_callback,0,1024,3,0,0
7350018592429429,0,trace,0,8192,34,0,0
7350018592429429,0,latency,0,4096,4,0,0
7350018692697887,0,market_ingress,0,1024,18,0,0
7350018692697887,0,trader_request,0,1024,1,0,0
7350018692697887,0,trading_callback,0,1024,3,0,0
7350018692697887,0,trace,0,8192,34,0,0
7350018692697887,0,latency,0,4096,4,0,0
7350018792962702,0,market_ingress,0,1024,18,0,0
7350018792962702,0,trader_request,0,1024,1,0,0
7350018792962702,0,trading_callback,0,1024,3,0,0
7350018792962702,0,trace,0,8192,34,0,0
7350018792962702,0,latency,0,4096,4,0,0
7350018893211207,0,market_ingress,0,1024,18,0,0
7350018893211207,0,trader_request,0,1024,1,0,0
7350018893211207,0,trading_callback,0,1024,3,0,0
7350018893211207,0,trace,0,8192,34,0,0
7350018893211207,0,latency,0,4096,4,0,0
7350018993469849,0,market_ingress,0,1024,18,0,0
7350018993469849,0,trader_request,0,1024,1,0,0
7350018993469849,0,trading_callback,0,1024,3,0,0
7350018993469849,0,trace,0,8192,34,0,0
7350018993469849,0,latency,0,4096,4,0,0
7350019093727104,0,market_ingress,0,1024,18,0,0
7350019093727104,0,trader_request,0,1024,1,0,0
7350019093727104,0,trading_callback,0,1024,3,0,0
7350019093727104,0,trace,0,8192,34,0,0
7350019093727104,0,latency,0,4096,4,0,0
7350019193979661,0,market_ingress,0,1024,18,0,0
7350019193979661,0,trader_request,0,1024,1,0,0
7350019193979661,0,trading_callback,0,1024,3,0,0
7350019193979661,0,trace,0,8192,34,0,0
7350019193979661,0,latency,0,4096,4,0,0
7350019294261272,0,market_ingress,0,1024,18,0,0
7350019294261272,0,trader_request,0,1024,1,0,0
7350019294261272,0,trading_callback,0,1024,3,0,0
7350019294261272,0,trace,0,8192,34,0,0
7350019294261272,0,latency,0,4096,4,0,0
7350019394544819,0,market_ingress,0,1024,18,0,0
7350019394544819,0,trader_request,0,1024,1,0,0
7350019394544819,0,trading_callback,0,1024,3,0,0
7350019394544819,0,trace,0,8192,34,0,0
7350019394544819,0,latency,0,4096,4,0,0
7350019494823641,0,market_ingress,0,1024,18,0,0
7350019494823641,0,trader_request,0,1024,1,0,0
7350019494823641,0,trading_callback,0,1024,3,0,0
7350019494823641,0,trace,0,8192,34,0,0
7350019494823641,0,latency,0,4096,4,0,0
7350019595100216,0,market_ingress,0,1024,18,0,0
7350019595100216,0,trader_request,0,1024,1,0,0
7350019595100216,0,trading_callback,0,1024,3,0,0
7350019595100216,0,trace,0,8192,34,0,0
7350019595100216,0,latency,0,4096,4,0,0
7350019695393289,0,market_ingress,0,1024,18,0,0
7350019695393289,0,trader_request,0,1024,1,0,0
7350019695393289,0,trading_callback,0,1024,3,0,0
7350019695393289,0,trace,0,8192,34,0,0
7350019695393289,0,latency,0,4096,4,0,0
7350019795678487,0,market_ingress,0,1024,18,0,0
7350019795678487,0,trader_request,0,1024,1,0,0
7350019795678487,0,trading_callback,0,1024,3,0,0
7350019795678487,0,trace,0,8192,34,0,0
7350019795678487,0,latency,0,4096,4,0,0
7350019895950056,0,market_ingress,0,1024,18,0,0
7350019895950056,0,trader_request,0,1024,1,0,0
7350019895950056,0,trading_callback,0,1024,3,0,0
7350019895950056,0,trace,0,8192,34,0,0
7350019895950056,0,latency,0,4096,4,0,0
7350019996246870,0,market_ingress,0,1024,18,0,0
7350019996246870,0,trader_request,0,1024,1,0,0
7350019996246870,0,trading_callback,0,1024,3,0,0
7350019996246870,0,trace,0,8192,34,0,0
7350019996246870,0,latency,0,4096,4,0,0
7350020096628595,0,market_ingress,0,1024,18,0,0
7350020096628595,0,trader_request,0,1024,1,0,0
7350020096628595,0,trading_callback,0,1024,3,0,0
7350020096628595,0,trace,0,8192,34,0,0
7350020096628595,0,latency,0,4096,4,0,0
7350020197006094,0,market_ingress,0,1024,18,0,0
7350020197006094,0,trader_request,0,1024,1,0,0
7350020197006094,0,trading_callback,0,1024,3,0,0
7350020197006094,0,trace,0,8192,34,0,0
7350020197006094,0,latency,0,4096,4,0,0
7350020297365514,0,market_ingress,0,1024,18,0,0
7350020297365514,0,trader_request,0,1024,1,0,0
7350020297365514,0,trading_callback,0,1024,3,0,0
7350020297365514,0,trace,0,8192,34,0,0
7350020297365514,0,latency,0,4096,4,0,0
7350020397728141,0,market_ingress,0,1024,18,0,0
7350020397728141,0,trader_request,0,1024,1,0,0
7350020397728141,0,trading_callback,0,1024,3,0,0
7350020397728141,0,trace,0,8192,34,0,0
7350020397728141,0,latency,0,4096,4,0,0
7350020498108370,0,market_ingress,0,1024,18,0,0
7350020498108370,0,trader_request,0,1024,1,0,0
7350020498108370,0,trading_callback,0,1024,3,0,0
7350020498108370,0,trace,0,8192,34,0,0
7350020498108370,0,latency,0,4096,4,0,0
7350020598511916,0,market_ingress,0,1024,18,0,0
7350020598511916,0,trader_request,0,1024,1,0,0
7350020598511916,0,trading_callback,0,1024,3,0,0
7350020598511916,0,trace,0,8192,34,0,0
7350020598511916,0,latency,0,4096,4,0,0
7350020698880511,0,market_ingress,0,1024,18,0,0
7350020698880511,0,trader_request,0,1024,1,0,0
7350020698880511,0,trading_callback,0,1024,3,0,0
7350020698880511,0,trace,0,8192,34,0,0
7350020698880511,0,latency,0,4096,4,0,0
7350020799168740,0,market_ingress,0,1024,18,0,0
7350020799168740,0,trader_request,0,1024,1,0,0
7350020799168740,0,trading_callback,0,1024,3,0,0
7350020799168740,0,trace,0,8192,34,0,0
7350020799168740,0,latency,0,4096,4,0,0
7350020899620995,0,market_ingress,0,1024,18,0,0
7350020899620995,0,trader_request,0,1024,1,0,0
7350020899620995,0,trading_callback,0,1024,3,0,0
7350020899620995,0,trace,0,8192,34,0,0
7350020899620995,0,latency,0,4096,4,0,0
7350020999935472,0,market_ingress,0,1024,18,0,0
7350020999935472,0,trader_request,0,1024,1,0,0
7350020999935472,0,trading_callback,0,1024,3,0,0
7350020999935472,0,trace,0,8192,34,0,0
7350020999935472,0,latency,0,4096,4,0,0
7350021100226052,0,market_ingress,0,1024,18,0,0
7350021100226052,0,trader_request,0,1024,1,0,0
7350021100226052,0,trading_callback,0,1024,3,0,0
7350021100226052,0,trace,0,8192,34,0,0
7350021100226052,0,latency,0,4096,4,0,0
7350021200495687,0,market_ingress,0,1024,18,0,0
7350021200495687,0,trader_request,0,1024,1,0,0
7350021200495687,0,trading_callback,0,1024,3,0,0
7350021200495687,0,trace,0,8192,34,0,0
7350021200495687,0,latency,0,4096,4,0,0
7350021300764557,0,market_ingress,0,1024,18,0,0
7350021300764557,0,trader_request,0,1024,1,0,0
7350021300764557,0,trading_callback,0,1024,3,0,0
7350021300764557,0,trace,0,8192,34,0,0
7350021300764557,0,latency,0,4096,4,0,0
7350021401010372,0,market_ingress,0,1024,18,0,0
7350021401010372,0,trader_request,0,1024,1,0,0
7350021401010372,0,trading_callback,0,1024,3,0,0
7350021401010372,0,trace,0,8192,34,0,0
7350021401010372,0,latency,0,4096,4,0,0
7350021501377699,0,market_ingress,0,1024,18,0,0
7350021501377699,0,trader_request,0,1024,1,0,0
7350021501377699,0,trading_callback,0,1024,3,0,0
7350021501377699,0,trace,0,8192,34,0,0
7350021501377699,0,latency,0,4096,4,0,0
7350021601745840,0,market_ingress,0,1024,18,0,0
7350021601745840,0,trader_request,0,1024,1,0,0
7350021601745840,0,trading_callback,0,1024,3,0,0
7350021601745840,0,trace,0,8192,34,0,0
7350021601745840,0,latency,0,4096,4,0,0
7350021702035532,0,market_ingress,0,1024,18,0,0
7350021702035532,0,trader_request,0,1024,1,0,0
7350021702035532,0,trading_callback,0,1024,3,0,0
7350021702035532,0,trace,0,8192,34,0,0
7350021702035532,0,latency,0,4096,4,0,0
7350021802416627,0,market_ingress,0,1024,18,0,0
7350021802416627,0,trader_request,0,1024,1,0,0
7350021802416627,0,trading_callback,0,1024,3,0,0
7350021802416627,0,trace,0,8192,34,0,0
7350021802416627,0,latency,0,4096,4,0,0
7350021902798284,0,market_ingress,0,1024,18,0,0
7350021902798284,0,trader_request,0,1024,1,0,0
7350021902798284,0,trading_callback,0,1024,3,0,0
7350021902798284,0,trace,0,8192,34,0,0
7350021902798284,0,latency,0,4096,4,0,0
7350022003167350,0,market_ingress,0,1024,18,0,0
7350022003167350,0,trader_request,0,1024,1,0,0
7350022003167350,0,trading_callback,0,1024,3,0,0
7350022003167350,0,trace,0,8192,34,0,0
7350022003167350,0,latency,0,4096,4,0,0
7350022103546452,0,market_ingress,0,1024,18,0,0
7350022103546452,0,trader_request,0,1024,1,0,0
7350022103546452,0,trading_callback,0,1024,3,0,0
7350022103546452,0,trace,0,8192,34,0,0
7350022103546452,0,latency,0,4096,4,0,0
7350022203930776,0,market_ingress,0,1024,18,0,0
7350022203930776,0,trader_request,0,1024,1,0,0
7350022203930776,0,trading_callback,0,1024,3,0,0
7350022203930776,0,trace,0,8192,34,0,0
7350022203930776,0,latency,0,4096,4,0,0
7350022304314841,0,market_ingress,0,1024,18,0,0
7350022304314841,0,trader_request,0,1024,1,0,0
7350022304314841,0,trading_callback,0,1024,3,0,0
7350022304314841,0,trace,0,8192,34,0,0
7350022304314841,0,latency,0,4096,4,0,0
7350022404693392,0,market_ingress,0,1024,18,0,0
7350022404693392,0,trader_request,0,1024,1,0,0
7350022404693392,0,trading_callback,0,1024,3,0,0
7350022404693392,0,trace,0,8192,34,0,0
7350022404693392,0,latency,0,4096,4,0,0
7350022505059561,0,market_ingress,0,1024,18,0,0
7350022505059561,0,trader_request,0,1024,1,0,0
7350022505059561,0,trading_callback,0,1024,3,0,0
7350022505059561,0,trace,0,8192,34,0,0
7350022505059561,0,latency,0,4096,4,0,0
7350022605437834,0,market_ingress,0,1024,18,0,0
7350022605437834,0,trader_request,0,1024,1,0,0
7350022605437834,0,trading_callback,0,1024,3,0,0
7350022605437834,0,trace,0,8192,34,0,0
7350022605437834,0,latency,0,4096,4,0,0
7350022705800082,0,market_ingress,0,1024,18,0,0
7350022705800082,0,trader_request,0,1024,1,0,0
7350022705800082,0,trading_callback,0,1024,3,0,0
7350022705800082,0,trace,0,8192,34,0,0
7350022705800082,0,latency,0,4096,4,0,0
7350022806088138,0,market_ingress,0,1024,18,0,0
7350022806088138,0,trader_request,0,1024,1,0,0
7350022806088138,0,trading_callback,0,1024,3,0,0
7350022806088138,0,trace,0,8192,34,0,0
7350022806088138,0,latency,0,4096,4,0,0
7350022906363724,0,market_ingress,0,1024,18,0,0
7350022906363724,0,trader_request,0,1024,1,0,0
7350022906363724,0,trading_callback,0,1024,3,0,0
7350022906363724,0,trace,0,8192,34,0,0
7350022906363724,0,latency,0,4096,4,0,0
7350023006635220,0,market_ingress,0,1024,18,0,0
7350023006635220,0,trader_request,0,1024,1,0,0
7350023006635220,0,trading_callback,0,1024,3,0,0
7350023006635220,0,trace,0,8192,34,0,0
7350023006635220,0,latency,0,4096,4,0,0
7350023106920907,0,market_ingress,0,1024,18,0,0
7350023106920907,0,trader_request,0,1024,1,0,0
7350023106920907,0,trading_callback,0,1024,3,0,0
7350023106920907,0,trace,0,8192,34,0,0
7350023106920907,0,latency,0,4096,4,0,0
7350023207203311,0,market_ingress,0,1024,18,0,0
7350023207203311,0,trader_request,0,1024,1,0,0
7350023207203311,0,trading_callback,0,1024,3,0,0
7350023207203311,0,trace,0,8192,34,0,0
7350023207203311,0,latency,0,4096,4,0,0
7350023307525340,0,market_ingress,0,1024,18,0,0
7350023307525340,0,trader_request,0,1024,1,0,0
7350023307525340,0,trading_callback,0,1024,3,0,0
7350023307525340,0,trace,0,8192,34,0,0
7350023307525340,0,latency,0,4096,4,0,0
7350023407873282,0,market_ingress,0,1024,18,0,0
7350023407873282,0,trader_request,0,1024,1,0,0
7350023407873282,0,trading_callback,0,1024,3,0,0
7350023407873282,0,trace,0,8192,34,0,0
7350023407873282,0,latency,0,4096,4,0,0
7350023508277983,0,market_ingress,0,1024,18,0,0
7350023508277983,0,trader_request,0,1024,1,0,0
7350023508277983,0,trading_callback,0,1024,3,0,0
7350023508277983,0,trace,0,8192,34,0,0
7350023508277983,0,latency,0,4096,4,0,0
7350023608659694,0,market_ingress,0,1024,18,0,0
7350023608659694,0,trader_request,0,1024,1,0,0
7350023608659694,0,trading_callback,0,1024,3,0,0
7350023608659694,0,trace,0,8192,34,0,0
7350023608659694,0,latency,0,4096,4,0,0
7350023709037170,0,market_ingress,0,1024,18,0,0
7350023709037170,0,trader_request,0,1024,1,0,0
7350023709037170,0,trading_callback,0,1024,3,0,0
7350023709037170,0,trace,0,8192,34,0,0
7350023709037170,0,latency,0,4096,4,0,0
7350023809413526,0,market_ingress,0,1024,18,0,0
7350023809413526,0,trader_request,0,1024,1,0,0
7350023809413526,0,trading_callback,0,1024,3,0,0
7350023809413526,0,trace,0,8192,34,0,0
7350023809413526,0,latency,0,4096,4,0,0
7350023909783209,0,market_ingress,0,1024,18,0,0
7350023909783209,0,trader_request,0,1024,1,0,0
7350023909783209,0,trading_callback,0,1024,3,0,0
7350023909783209,0,trace,0,8192,34,0,0
7350023909783209,0,latency,0,4096,4,0,0
7350024010157249,0,market_ingress,0,1024,18,0,0
7350024010157249,0,trader_request,0,1024,1,0,0
7350024010157249,0,trading_callback,0,1024,3,0,0
7350024010157249,0,trace,0,8192,34,0,0
7350024010157249,0,latency,0,4096,4,0,0
7350024110509390,0,market_ingress,0,1024,18,0,0
7350024110509390,0,trader_request,0,1024,1,0,0
7350024110509390,0,trading_callback,0,1024,3,0,0
7350024110509390,0,trace,0,8192,34,0,0
7350024110509390,0,latency,0,4096,4,0,0
7350024210886296,0,market_ingress,0,1024,18,0,0
7350024210886296,0,trader_request,0,1024,1,0,0
7350024210886296,0,trading_callback,0,1024,3,0,0
7350024210886296,0,trace,0,8192,34,0,0
7350024210886296,0,latency,0,4096,4,0,0
7350024311235877,0,market_ingress,0,1024,18,0,0
7350024311235877,0,trader_request,0,1024,1,0,0
7350024311235877,0,trading_callback,0,1024,3,0,0
7350024311235877,0,trace,0,8192,34,0,0
7350024311235877,0,latency,0,4096,4,0,0
7350024411589963,0,market_ingress,0,1024,18,0,0
7350024411589963,0,trader_request,0,1024,1,0,0
7350024411589963,0,trading_callback,0,1024,3,0,0
7350024411589963,0,trace,0,8192,34,0,0
7350024411589963,0,latency,0,4096,4,0,0
7350024511956197,0,market_ingress,0,1024,18,0,0
7350024511956197,0,trader_request,0,1024,1,0,0
7350024511956197,0,trading_callback,0,1024,3,0,0
7350024511956197,0,trace,0,8192,34,0,0
7350024511956197,0,latency,0,4096,4,0,0
7350024612323587,0,market_ingress,0,1024,18,0,0
7350024612323587,0,trader_request,0,1024,1,0,0
7350024612323587,0,trading_callback,0,1024,3,0,0
7350024612323587,0,trace,0,8192,34,0,0
7350024612323587,0,latency,0,4096,4,0,0
7350024712628575,0,market_ingress,0,1024,18,0,0
7350024712628575,0,trader_request,0,1024,1,0,0
7350024712628575,0,trading_callback,0,1024,3,0,0
7350024712628575,0,trace,0,8192,34,0,0
7350024712628575,0,latency,0,4096,4,0,0
7350024812919487,0,market_ingress,0,1024,18,0,0
7350024812919487,0,trader_request,0,1024,1,0,0
7350024812919487,0,trading_callback,0,1024,3,0,0
7350024812919487,0,trace,0,8192,34,0,0
7350024812919487,0,latency,0,4096,4,0,0
7350024913190434,0,market_ingress,0,1024,18,0,0
7350024913190434,0,trader_request,0,1024,1,0,0
7350024913190434,0,trading_callback,0,1024,3,0,0
7350024913190434,0,trace,0,8192,34,0,0
7350024913190434,0,latency,0,4096,4,0,0
7350025013480711,0,market_ingress,0,1024,18,0,0
7350025013480711,0,trader_request,0,1024,1,0,0
7350025013480711,0,trading_callback,0,1024,3,0,0
7350025013480711,0,trace,0,8192,34,0,0
7350025013480711,0,latency,0,4096,4,0,0
7350025113840327,0,market_ingress,0,1024,18,0,0
7350025113840327,0,trader_request,0,1024,1,0,0
7350025113840327,0,trading_callback,0,1024,3,0,0
7350025113840327,0,trace,0,8192,34,0,0
7350025113840327,0,latency,0,4096,4,0,0
7350025214187572,0,market_ingress,0,1024,18,0,0
7350025214187572,0,trader_request,0,1024,1,0,0
7350025214187572,0,trading_callback,0,1024,3,0,0
7350025214187572,0,trace,0,8192,34,0,0
7350025214187572,0,latency,0,4096,4,0,0
7350025314531166,0,market_ingress,0,1024,18,0,0
7350025314531166,0,trader_request,0,1024,1,0,0
7350025314531166,0,trading_callback,0,1024,3,0,0
7350025314531166,0,trace,0,8192,34,0,0
7350025314531166,0,latency,0,4096,4,0,0
7350025414811434,0,market_ingress,0,1024,18,0,0
7350025414811434,0,trader_request,0,1024,1,0,0
7350025414811434,0,trading_callback,0,1024,3,0,0
7350025414811434,0,trace,0,8192,34,0,0
7350025414811434,0,latency,0,4096,4,0,0
7350025515102671,0,market_ingress,0,1024,18,0,0
7350025515102671,0,trader_request,0,1024,1,0,0
7350025515102671,0,trading_callback,0,1024,3,0,0
7350025515102671,0,trace,0,8192,34,0,0
7350025515102671,0,latency,0,4096,4,0,0
7350025615391298,0,market_ingress,0,1024,18,0,0
7350025615391298,0,trader_request,0,1024,1,0,0
7350025615391298,0,trading_callback,0,1024,3,0,0
7350025615391298,0,trace,0,8192,34,0,0
7350025615391298,0,latency,0,4096,4,0,0
7350025715676247,0,market_ingress,0,1024,18,0,0
7350025715676247,0,trader_request,0,1024,1,0,0
7350025715676247,0,trading_callback,0,1024,3,0,0
7350025715676247,0,trace,0,8192,34,0,0
7350025715676247,0,latency,0,4096,4,0,0
7350025815996173,0,market_ingress,0,1024,18,0,0
7350025815996173,0,trader_request,0,1024,1,0,0
7350025815996173,0,trading_callback,0,1024,3,0,0
7350025815996173,0,trace,0,8192,34,0,0
7350025815996173,0,latency,0,4096,4,0,0
7350025916301737,0,market_ingress,0,1024,18,0,0
7350025916301737,0,trader_request,0,1024,1,0,0
7350025916301737,0,trading_callback,0,1024,3,0,0
7350025916301737,0,trace,0,8192,34,0,0
7350025916301737,0,latency,0,4096,4,0,0
7350026016595533,0,market_ingress,0,1024,18,0,0
7350026016595533,0,trader_request,0,1024,1,0,0
7350026016595533,0,trading_callback,0,1024,3,0,0
7350026016595533,0,trace,0,8192,34,0,0
7350026016595533,0,latency,0,4096,4,0,0
7350026116882990,0,market_ingress,0,1024,18,0,0
7350026116882990,0,trader_request,0,1024,1,0,0
7350026116882990,0,trading_callback,0,1024,3,0,0
7350026116882990,0,trace,0,8192,34,0,0
7350026116882990,0,latency,0,4096,4,0,0
7350026217176686,0,market_ingress,0,1024,18,0,0
7350026217176686,0,trader_request,0,1024,1,0,0
7350026217176686,0,trading_callback,0,1024,3,0,0
7350026217176686,0,trace,0,8192,34,0,0
7350026217176686,0,latency,0,4096,4,0,0
7350026317457778,0,market_ingress,0,1024,18,0,0
7350026317457778,0,trader_request,0,1024,1,0,0
7350026317457778,0,trading_callback,0,1024,3,0,0
7350026317457778,0,trace,0,8192,34,0,0
7350026317457778,0,latency,0,4096,4,0,0
7350026417758263,0,market_ingress,0,1024,18,0,0
7350026417758263,0,trader_request,0,1024,1,0,0
7350026417758263,0,trading_callback,0,1024,3,0,0
7350026417758263,0,trace,0,8192,34,0,0
7350026417758263,0,latency,0,4096,4,0,0
7350026518034201,0,market_ingress,0,1024,18,0,0
7350026518034201,0,trader_request,0,1024,1,0,0
7350026518034201,0,trading_callback,0,1024,3,0,0
7350026518034201,0,trace,0,8192,34,0,0
7350026518034201,0,latency,0,4096,4,0,0
7350026618305215,0,market_ingress,0,1024,18,0,0
7350026618305215,0,trader_request,0,1024,1,0,0
7350026618305215,0,trading_callback,0,1024,3,0,0
7350026618305215,0,trace,0,8192,34,0,0
7350026618305215,0,latency,0,4096,4,0,0
7350026718586032,0,market_ingress,0,1024,18,0,0
7350026718586032,0,trader_request,0,1024,1,0,0
7350026718586032,0,trading_callback,0,1024,3,0,0
7350026718586032,0,trace,0,8192,34,0,0
7350026718586032,0,latency,0,4096,4,0,0
7350026818934738,0,market_ingress,0,1024,18,0,0
7350026818934738,0,trader_request,0,1024,1,0,0
7350026818934738,0,trading_callback,0,1024,3,0,0
7350026818934738,0,trace,0,8192,34,0,0
7350026818934738,0,latency,0,4096,5,0,0
7350026919282420,0,market_ingress,0,1024,18,0,0
7350026919282420,0,trader_request,0,1024,1,0,0
7350026919282420,0,trading_callback,0,1024,3,0,0
7350026919282420,0,trace,0,8192,34,0,0
7350026919282420,0,latency,0,4096,5,0,0
7350027019552444,0,market_ingress,0,1024,18,0,0
7350027019552444,0,trader_request,0,1024,1,0,0
7350027019552444,0,trading_callback,0,1024,3,0,0
7350027019552444,0,trace,0,8192,34,0,0
7350027019552444,0,latency,0,4096,5,0,0
7350027119908814,0,market_ingress,0,1024,18,0,0
7350027119908814,0,trader_request,0,1024,1,0,0
7350027119908814,0,trading_callback,0,1024,3,0,0
7350027119908814,0,trace,0,8192,34,0,0
7350027119908814,0,latency,0,4096,5,0,0
7350027220268121,0,market_ingress,0,1024,18,0,0
7350027220268121,0,trader_request,0,1024,1,0,0
7350027220268121,0,trading_callback,0,1024,3,0,0
7350027220268121,0,trace,0,8192,34,0,0
7350027220268121,0,latency,0,4096,5,0,0
7350027321566943,0,market_ingress,0,1024,18,0,0
7350027321566943,0,trader_request,0,1024,1,0,0
7350027321566943,0,trading_callback,0,1024,3,0,0
7350027321566943,0,trace,0,8192,34,0,0
7350027321566943,0,latency,0,4096,5,0,0
7350027421908485,0,market_ingress,0,1024,18,0,0
7350027421908485,0,trader_request,0,1024,1,0,0
7350027421908485,0,trading_callback,0,1024,3,0,0
7350027421908485,0,trace,0,8192,34,0,0
7350027421908485,0,latency,0,4096,5,0,0
7350027522174832,0,market_ingress,0,1024,18,0,0
7350027522174832,0,trader_request,0,1024,1,0,0
7350027522174832,0,trading_callback,0,1024,3,0,0
7350027522174832,0,trace,0,8192,34,0,0
7350027522174832,0,latency,0,4096,5,0,0
7350027622440710,0,market_ingress,0,1024,18,0,0
7350027622440710,0,trader_request,0,1024,1,0,0
7350027622440710,0,trading_callback,0,1024,3,0,0
7350027622440710,0,trace,0,8192,34,0,0
7350027622440710,0,latency,0,4096,5,0,0
7350027722713615,0,market_ingress,0,1024,18,0,0
7350027722713615,0,trader_request,0,1024,1,0,0
7350027722713615,0,trading_callback,0,1024,3,0,0
7350027722713615,0,trace,0,8192,34,0,0
7350027722713615,0,latency,0,4096,5,0,0
7350027822993800,0,market_ingress,0,1024,18,0,0
7350027822993800,0,trader_request,0,1024,1,0,0
7350027822993800,0,trading_callback,0,1024,3,0,0
7350027822993800,0,trace,0,8192,34,0,0
7350027822993800,0,latency,0,4096,5,0,0
7350027923260917,0,market_ingress,0,1024,18,0,0
7350027923260917,0,trader_request,0,1024,1,0,0
7350027923260917,0,trading_callback,0,1024,3,0,0
7350027923260917,0,trace,0,8192,34,0,0
7350027923260917,0,latency,0,4096,5,0,0
7350028023523101,0,market_ingress,0,1024,18,0,0
7350028023523101,0,trader_request,0,1024,1,0,0
7350028023523101,0,trading_callback,0,1024,3,0,0
7350028023523101,0,trace,0,8192,34,0,0
7350028023523101,0,latency,0,4096,5,0,0
7350028123813185,0,market_ingress,0,1024,18,0,0
7350028123813185,0,trader_request,0,1024,1,0,0
7350028123813185,0,trading_callback,0,1024,3,0,0
7350028123813185,0,trace,0,8192,34,0,0
7350028123813185,0,latency,0,4096,5,0,0
7350028227787510,0,market_ingress,0,1024,18,0,0
7350028227787510,0,trader_request,0,1024,1,0,0
7350028227787510,0,trading_callback,0,1024,3,0,0
7350028227787510,0,trace,0,8192,34,0,0
7350028227787510,0,latency,0,4096,5,0,0
7350028328214267,0,market_ingress,0,1024,18,0,0
7350028328214267,0,trader_request,0,1024,1,0,0
7350028328214267,0,trading_callback,0,1024,3,0,0
7350028328214267,0,trace,0,8192,34,0,0
7350028328214267,0,latency,0,4096,5,0,0
7350028428612293,0,market_ingress,0,1024,18,0,0
7350028428612293,0,trader_request,0,1024,1,0,0
7350028428612293,0,trading_callback,0,1024,3,0,0
7350028428612293,0,trace,0,8192,34,0,0
7350028428612293,0,latency,0,4096,5,0,0
7350028528957600,0,market_ingress,0,1024,18,0,0
7350028528957600,0,trader_request,0,1024,1,0,0
7350028528957600,0,trading_callback,0,1024,3,0,0
7350028528957600,0,trace,0,8192,34,0,0
7350028528957600,0,latency,0,4096,5,0,0
7350028629239134,0,market_ingress,0,1024,18,0,0
7350028629239134,0,trader_request,0,1024,1,0,0
7350028629239134,0,trading_callback,0,1024,3,0,0
7350028629239134,0,trace,0,8192,34,0,0
7350028629239134,0,latency,0,4096,5,0,0
7350028729512244,0,market_ingress,0,1024,18,0,0
7350028729512244,0,trader_request,0,1024,1,0,0
7350028729512244,0,trading_callback,0,1024,3,0,0
7350028729512244,0,trace,0,8192,34,0,0
7350028729512244,0,latency,0,4096,5,0,0
7350028829842687,0,market_ingress,0,1024,18,0,0
7350028829842687,0,trader_request,0,1024,1,0,0
7350028829842687,0,trading_callback,0,1024,3,0,0
7350028829842687,0,trace,0,8192,34,0,0
7350028829842687,0,latency,0,4096,5,0,0
7350028930187168,0,market_ingress,0,1024,18,0,0
7350028930187168,0,trader_request,0,1024,1,0,0
7350028930187168,0,trading_callback,0,1024,3,0,0
7350028930187168,0,trace,0,8192,34,0,0
7350028930187168,0,latency,0,4096,5,0,0
7350029030468272,0,market_ingress,0,1024,18,0,0
7350029030468272,0,trader_request,0,1024,1,0,0
7350029030468272,0,trading_callback,0,1024,3,0,0
7350029030468272,0,trace,0,8192,34,0,0
7350029030468272,0,latency,0,4096,5,0,0
7350029130789258,0,market_ingress,0,1024,18,0,0
7350029130789258,0,trader_request,0,1024,1,0,0
7350029130789258,0,trading_callback,0,1024,3,0,0
7350029130789258,0,trace,0,8192,34,0,0
7350029130789258,0,latency,0,4096,5,0,0
7350029231077211,0,market_ingress,0,1024,18,0,0
7350029231077211,0,trader_request,0,1024,1,0,0
7350029231077211,0,trading_callback,0,1024,3,0,0
7350029231077211,0,trace,0,8192,34,0,0
7350029231077211,0,latency,0,4096,5,0,0
7350029331335553,0,market_ingress,0,1024,18,0,0
7350029331335553,0,trader_request,0,1024,1,0,0
7350029331335553,0,trading_callback,0,1024,3,0,0
7350029331335553,0,trace,0,8192,34,0,0
7350029331335553,0,latency,0,4096,5,0,0
7350029431670771,0,market_ingress,0,1024,18,0,0
7350029431670771,0,trader_request,0,1024,1,0,0
7350029431670771,0,trading_callback,0,1024,3,0,0
7350029431670771,0,trace,0,8192,34,0,0
7350029431670771,0,latency,0,4096,5,0,0
7350029532027368,0,market_ingress,0,1024,18,0,0
7350029532027368,0,trader_request,0,1024,1,0,0
7350029532027368,0,trading_callback,0,1024,3,0,0
7350029532027368,0,trace,0,8192,34,0,0
7350029532027368,0,latency,0,4096,5,0,0
7350029632359713,0,market_ingress,0,1024,18,0,0
7350029632359713,0,trader_request,0,1024,1,0,0
7350029632359713,0,trading_callback,0,1024,3,0,0
7350029632359713,0,trace,0,8192,34,0,0
7350029632359713,0,latency,0,4096,5,0,0
7350029732638325,0,market_ingress,0,1024,18,0,0
7350029732638325,0,trader_request,0,1024,1,0,0
7350029732638325,0,trading_callback,0,1024,3,0,0
7350029732638325,0,trace,0,8192,34,0,0
7350029732638325,0,latency,0,4096,5,0,0
7350029832964780,0,market_ingress,0,1024,18,0,0
7350029832964780,0,trader_request,0,1024,1,0,0
7350029832964780,0,trading_callback,0,1024,3,0,0
7350029832964780,0,trace,0,8192,34,0,0
7350029832964780,0,latency,0,4096,5,0,0
7350029933266486,0,market_ingress,0,1024,18,0,0
7350029933266486,0,trader_request,0,1024,1,0,0
7350029933266486,0,trading_callback,0,1024,3,0,0
7350029933266486,0,trace,0,8192,34,0,0
7350029933266486,0,latency,0,4096,5,0,0
7350030033542615,0,market_ingress,0,1024,18,0,0
7350030033542615,0,trader_request,0,1024,1,0,0
7350030033542615,0,trading_callback,0,1024,3,0,0
7350030033542615,0,trace,0,8192,34,0,0
7350030033542615,0,latency,0,4096,5,0,0
7350030133812493,0,market_ingress,0,1024,18,0,0
7350030133812493,0,trader_request,0,1024,1,0,0
7350030133812493,0,trading_callback,0,1024,3,0,0
7350030133812493,0,trace,0,8192,34,0,0
7350030133812493,0,latency,0,4096,5,0,0
7350030234091546,0,market_ingress,0,1024,18,0,0
7350030234091546,0,trader_request,0,1024,1,0,0
7350030234091546,0,trading_callback,0,1024,3,0,0
7350030234091546,0,trace,0,8192,34,0,0
7350030234091546,0,latency,0,4096,5,0,0
7350030334359967,0,market_ingress,0,1024,18,0,0
7350030334359967,0,trader_request,0,1024,1,0,0
7350030334359967,0,trading_callback,0,1024,3,0,0
7350030334359967,0,trace,0,8192,34,0,0
7350030334359967,0,latency,0,4096,5,0,0
7350030434635322,0,market_ingress,0,1024,18,0,0
7350030434635322,0,trader_request,0,1024,1,0,0
7350030434635322,0,trading_callback,0,1024,3,0,0
7350030434635322,0,trace,0,8192,34,0,0
7350030434635322,0,latency,0,4096,5,0,0
7350030534908845,0,market_ingress,0,1024,18,0,0
7350030534908845,0,trader_request,0,1024,1,0,0
7350030534908845,0,trading_callback,0,1024,3,0,0
7350030534908845,0,trace,0,8192,34,0,0
7350030534908845,0,latency,0,4096,5,0,0
7350030635187844,0,market_ingress,0,1024,18,0,0
7350030635187844,0,trader_request,0,1024,1,0,0
7350030635187844,0,trading_callback,0,1024,3,0,0
7350030635187844,0,trace,0,8192,34,0,0
7350030635187844,0,latency,0,4096,5,0,0
7350030735468430,0,market_ingress,0,1024,18,0,0
7350030735468430,0,trader_request,0,1024,1,0,0
7350030735468430,0,trading_callback,0,1024,3,0,0
7350030735468430,0,trace,0,8192,34,0,0
7350030735468430,0,latency,0,4096,5,0,0
7350030835745455,0,market_ingress,0,1024,18,0,0
7350030835745455,0,trader_request,0,1024,1,0,0
7350030835745455,0,trading_callback,0,1024,3,0,0
7350030835745455,0,trace,0,8192,34,0,0
7350030835745455,0,latency,0,4096,5,0,0
7350030936016111,0,market_ingress,0,1024,18,0,0
7350030936016111,0,trader_request,0,1024,1,0,0
7350030936016111,0,trading_callback,0,1024,3,0,0
7350030936016111,0,trace,0,8192,34,0,0
7350030936016111,0,latency,0,4096,5,0,0
7350031036283086,0,market_ingress,0,1024,18,0,0
7350031036283086,0,trader_request,0,1024,1,0,0
7350031036283086,0,trading_callback,0,1024,3,0,0
7350031036283086,0,trace,0,8192,34,0,0
7350031036283086,0,latency,0,4096,5,0,0
7350031136601486,0,market_ingress,0,1024,18,0,0
7350031136601486,0,trader_request,0,1024,1,0,0
7350031136601486,0,trading_callback,0,1024,3,0,0
7350031136601486,0,trace,0,8192,34,0,0
7350031136601486,0,latency,0,4096,5,0,0
7350031236870705,0,market_ingress,0,1024,18,0,0
7350031236870705,0,trader_request,0,1024,1,0,0
7350031236870705,0,trading_callback,0,1024,3,0,0
7350031236870705,0,trace,0,8192,34,0,0
7350031236870705,0,latency,0,4096,5,0,0
7350031337126902,0,market_ingress,0,1024,18,0,0
7350031337126902,0,trader_request,0,1024,1,0,0
7350031337126902,0,trading_callback,0,1024,3,0,0
7350031337126902,0,trace,0,8192,34,0,0
7350031337126902,0,latency,0,4096,5,0,0
7350031437417886,0,market_ingress,0,1024,18,0,0
7350031437417886,0,trader_request,0,1024,1,0,0
7350031437417886,0,trading_callback,0,1024,3,0,0
7350031437417886,0,trace,0,8192,34,0,0
7350031437417886,0,latency,0,4096,5,0,0
7350031537692300,0,market_ingress,0,1024,18,0,0
7350031537692300,0,trader_request,0,1024,1,0,0
7350031537692300,0,trading_callback,0,1024,3,0,0
7350031537692300,0,trace,0,8192,34,0,0
7350031537692300,0,latency,0,4096,5,0,0
7350031637967954,0,market_ingress,0,1024,18,0,0
7350031637967954,0,trader_request,0,1024,1,0,0
7350031637967954,0,trading_callback,0,1024,3,0,0
7350031637967954,0,trace,0,8192,34,0,0
7350031637967954,0,latency,0,4096,5,0,0
7350031738242622,0,market_ingress,0,1024,18,0,0
7350031738242622,0,trader_request,0,1024,1,0,0
7350031738242622,0,trading_callback,0,1024,3,0,0
7350031738242622,0,trace,0,8192,34,0,0
7350031738242622,0,latency,0,4096,5,0,0
7350031838518985,0,market_ingress,0,1024,18,0,0
7350031838518985,0,trader_request,0,1024,1,0,0
7350031838518985,0,trading_callback,0,1024,3,0,0
7350031838518985,0,trace,0,8192,34,0,0
7350031838518985,0,latency,0,4096,5,0,0
7350031938889977,0,market_ingress,0,1024,18,0,0
7350031938889977,0,trader_request,0,1024,1,0,0
7350031938889977,0,trading_callback,0,1024,3,0,0
7350031938889977,0,trace,0,8192,34,0,0
7350031938889977,0,latency,0,4096,5,0,0
7350032039216579,0,market_ingress,0,1024,18,0,0
7350032039216579,0,trader_request,0,1024,1,0,0
7350032039216579,0,trading_callback,0,1024,3,0,0
7350032039216579,0,trace,0,8192,34,0,0
7350032039216579,0,latency,0,4096,5,0,0
7350032139488279,0,market_ingress,0,1024,18,0,0
7350032139488279,0,trader_request,0,1024,1,0,0
7350032139488279,0,trading_callback,0,1024,3,0,0
7350032139488279,0,trace,0,8192,34,0,0
7350032139488279,0,latency,0,4096,5,0,0
7350032239771342,0,market_ingress,0,1024,18,0,0
7350032239771342,0,trader_request,0,1024,1,0,0
7350032239771342,0,trading_callback,0,1024,3,0,0
7350032239771342,0,trace,0,8192,34,0,0
7350032239771342,0,latency,0,4096,5,0,0
7350032340027471,0,market_ingress,0,1024,18,0,0
7350032340027471,0,trader_request,0,1024,1,0,0
7350032340027471,0,trading_callback,0,1024,3,0,0
7350032340027471,0,trace,0,8192,34,0,0
7350032340027471,0,latency,0,4096,5,0,0
7350032440348314,0,market_ingress,0,1024,18,0,0
7350032440348314,0,trader_request,0,1024,1,0,0
7350032440348314,0,trading_callback,0,1024,3,0,0
7350032440348314,0,trace,0,8192,34,0,0
7350032440348314,0,latency,0,4096,5,0,0
7350032540674798,0,market_ingress,0,1024,18,0,0
7350032540674798,0,trader_request,0,1024,1,0,0
7350032540674798,0,trading_callback,0,1024,3,0,0
7350032540674798,0,trace,0,8192,34,0,0
7350032540674798,0,latency,0,4096,5,0,0
7350032641026068,0,market_ingress,0,1024,18,0,0
7350032641026068,0,trader_request,0,1024,1,0,0
7350032641026068,0,trading_callback,0,1024,3,0,0
7350032641026068,0,trace,0,8192,34,0,0
7350032641026068,0,latency,0,4096,5,0,0
7350032741314540,0,market_ingress,0,1024,18,0,0
7350032741314540,0,trader_request,0,1024,1,0,0
7350032741314540,0,trading_callback,0,1024,3,0,0
7350032741314540,0,trace,0,8192,34,0,0
7350032741314540,0,latency,0,4096,5,0,0
7350032841596481,0,market_ingress,0,1024,18,0,0
7350032841596481,0,trader_request,0,1024,1,0,0
7350032841596481,0,trading_callback,0,1024,3,0,0
7350032841596481,0,trace,0,8192,34,0,0
7350032841596481,0,latency,0,4096,5,0,0
7350032941871821,0,market_ingress,0,1024,18,0,0
7350032941871821,0,trader_request,0,1024,1,0,0
7350032941871821,0,trading_callback,0,1024,3,0,0
7350032941871821,0,trace,0,8192,34,0,0
7350032941871821,0,latency,0,4096,5,0,0
7350033042144687,0,market_ingress,0,1024,18,0,0
7350033042144687,0,trader_request,0,1024,1,0,0
7350033042144687,0,trading_callback,0,1024,3,0,0
7350033042144687,0,trace,0,8192,34,0,0
7350033042144687,0,latency,0,4096,5,0,0
7350033142435157,0,market_ingress,0,1024,18,0,0
7350033142435157,0,trader_request,0,1024,1,0,0
7350033142435157,0,trading_callback,0,1024,3,0,0
7350033142435157,0,trace,0,8192,34,0,0
7350033142435157,0,latency,0,4096,5,0,0
7350033242721803,0,market_ingress,0,1024,18,0,0
7350033242721803,0,trader_request,0,1024,1,0,0
7350033242721803,0,trading_callback,0,1024,3,0,0
7350033242721803,0,trace,0,8192,34,0,0
7350033242721803,0,latency,0,4096,5,0,0
7350033343249041,0,market_ingress,0,1024,18,0,0
7350033343249041,0,trader_request,0,1024,1,0,0
7350033343249041,0,trading_callback,0,1024,3,0,0
7350033343249041,0,trace,0,8192,34,0,0
7350033343249041,0,latency,0,4096,5,0,0
7350033443533440,0,market_ingress,0,1024,18,0,0
7350033443533440,0,trader_request,0,1024,1,0,0
7350033443533440,0,trading_callback,0,1024,3,0,0
7350033443533440,0,trace,0,8192,34,0,0
7350033443533440,0,latency,0,4096,5,0,0
7350033543816885,0,market_ingress,0,1024,18,0,0
7350033543816885,0,trader_request,0,1024,1,0,0
7350033543816885,0,trading_callback,0,1024,3,0,0
7350033543816885,0,trace,0,8192,34,0,0
7350033543816885,0,latency,0,4096,5,0,0
7350033644087527,0,market_ingress,0,1024,18,0,0
7350033644087527,0,trader_request,0,1024,1,0,0
7350033644087527,0,trading_callback,0,1024,3,0,0
7350033644087527,0,trace,0,8192,34,0,0
7350033644087527,0,latency,0,4096,5,0,0
7350033744357698,0,market_ingress,0,1024,18,0,0
7350033744357698,0,trader_request,0,1024,1,0,0
7350033744357698,0,trading_callback,0,1024,3,0,0
7350033744357698,0,trace,0,8192,34,0,0
7350033744357698,0,latency,0,4096,5,0,0
7350033844624839,0,market_ingress,0,1024,18,0,0
7350033844624839,0,trader_request,0,1024,1,0,0
7350033844624839,0,trading_callback,0,1024,3,0,0
7350033844624839,0,trace,0,8192,34,0,0
7350033844624839,0,latency,0,4096,5,0,0
7350033944904053,0,market_ingress,0,1024,18,0,0
7350033944904053,0,trader_request,0,1024,1,0,0
7350033944904053,0,trading_callback,0,1024,3,0,0
7350033944904053,0,trace,0,8192,34,0,0
7350033944904053,0,latency,0,4096,5,0,0
7350034045225649,0,market_ingress,0,1024,18,0,0
7350034045225649,0,trader_request,0,1024,1,0,0
7350034045225649,0,trading_callback,0,1024,3,0,0
7350034045225649,0,trace,0,8192,34,0,0
7350034045225649,0,latency,0,4096,5,0,0
7350034145481962,0,market_ingress,0,1024,18,0,0
7350034145481962,0,trader_request,0,1024,1,0,0
7350034145481962,0,trading_callback,0,1024,3,0,0
7350034145481962,0,trace,0,8192,34,0,0
7350034145481962,0,latency,0,4096,5,0,0
7350034245749377,0,market_ingress,0,1024,18,0,0
7350034245749377,0,trader_request,0,1024,1,0,0
7350034245749377,0,trading_callback,0,1024,3,0,0
7350034245749377,0,trace,0,8192,34,0,0
7350034245749377,0,latency,0,4096,5,0,0
7350034346016752,0,market_ingress,0,1024,18,0,0
7350034346016752,0,trader_request,0,1024,1,0,0
7350034346016752,0,trading_callback,0,1024,3,0,0
7350034346016752,0,trace,0,8192,34,0,0
7350034346016752,0,latency,0,4096,5,0,0
7350034446277485,0,market_ingress,0,1024,18,0,0
7350034446277485,0,trader_request,0,1024,1,0,0
7350034446277485,0,trading_callback,0,1024,3,0,0
7350034446277485,0,trace,0,8192,34,0,0
7350034446277485,0,latency,0,4096,5,0,0
7350034546542308,0,market_ingress,0,1024,18,0,0
7350034546542308,0,trader_request,0,1024,1,0,0
7350034546542308,0,trading_callback,0,1024,3,0,0
7350034546542308,0,trace,0,8192,34,0,0
7350034546542308,0,latency,0,4096,5,0,0
7350034646856902,0,market_ingress,0,1024,18,0,0
7350034646856902,0,trader_request,0,1024,1,0,0
7350034646856902,0,trading_callback,0,1024,3,0,0
7350034646856902,0,trace,0,8192,34,0,0
7350034646856902,0,latency,0,4096,5,0,0
7350034747109250,0,market_ingress,0,1024,18,0,0
7350034747109250,0,trader_request,0,1024,1,0,0
7350034747109250,0,trading_callback,0,1024,3,0,0
7350034747109250,0,trace,0,8192,34,0,0
7350034747109250,0,latency,0,4096,5,0,0
7350034847448094,0,market_ingress,0,1024,18,0,0
7350034847448094,0,trader_request,0,1024,1,0,0
7350034847448094,0,trading_callback,0,1024,3,0,0
7350034847448094,0,trace,0,8192,34,0,0
7350034847448094,0,latency,0,4096,5,0,0
7350034947719512,0,market_ingress,0,1024,18,0,0
7350034947719512,0,trader_request,0,1024,1,0,0
7350034947719512,0,trading_callback,0,1024,3,0,0
7350034947719512,0,trace,0,8192,34,0,0
7350034947719512,0,latency,0,4096,5,0,0
7350035047982903,0,market_ingress,0,1024,18,0,0
7350035047982903,0,trader_request,0,1024,1,0,0
7350035047982903,0,trading_callback,0,1024,3,0,0
7350035047982903,0,trace,0,8192,34,0,0
7350035047982903,0,latency,0,4096,5,0,0
7350035148254145,0,market_ingress,0,1024,18,0,0
7350035148254145,0,trader_request,0,1024,1,0,0
7350035148254145,0,trading_callback,0,1024,3,0,0
7350035148254145,0,trace,0,8192,34,0,0
7350035148254145,0,latency,0,4096,5,0,0
7350035248538552,0,market_ingress,0,1024,18,0,0
7350035248538552,0,trader_request,0,1024,1,0,0
7350035248538552,0,trading_callback,0,1024,3,0,0
7350035248538552,0,trace,0,8192,34,0,0
7350035248538552,0,latency,0,4096,5,0,0
7350035348806861,0,market_ingress,0,1024,18,0,0
7350035348806861,0,trader_request,0,1024,1,0,0
7350035348806861,0,trading_callback,0,1024,3,0,0
7350035348806861,0,trace,0,8192,34,0,0
7350035348806861,0,latency,0,4096,5,0,0
7350035449071639,0,market_ingress,0,1024,18,0,0
7350035449071639,0,trader_request,0,1024,1,0,0
7350035449071639,0,trading_callback,0,1024,3,0,0
7350035449071639,0,trace,0,8192,34,0,0
7350035449071639,0,latency,0,4096,5,0,0
7350035549360558,0,market_ingress,0,1024,18,0,0
7350035549360558,0,trader_request,0,1024,1,0,0
7350035549360558,0,trading_callback,0,1024,3,0,0
7350035549360558,0,trace,0,8192,34,0,0
7350035549360558,0,latency,0,4096,5,0,0
7350035649621481,0,market_ingress,0,1024,18,0,0
7350035649621481,0,trader_request,0,1024,1,0,0
7350035649621481,0,trading_callback,0,1024,3,0,0
7350035649621481,0,trace,0,8192,34,0,0
7350035649621481,0,latency,0,4096,5,0,0
7350035749909370,0,market_ingress,0,1024,18,0,0
7350035749909370,0,trader_request,0,1024,1,0,0
7350035749909370,0,trading_callback,0,1024,3,0,0
7350035749909370,0,trace,0,8192,34,0,0
7350035749909370,0,latency,0,4096,5,0,0
7350035850181765,0,market_ingress,0,1024,18,0,0
7350035850181765,0,trader_request,0,1024,1,0,0
7350035850181765,0,trading_callback,0,1024,3,0,0
7350035850181765,0,trace,0,8192,34,0,0
7350035850181765,0,latency,0,4096,5,0,0
7350035950482079,0,market_ingress,0,1024,18,0,0
7350035950482079,0,trader_request,0,1024,1,0,0
7350035950482079,0,trading_callback,0,1024,3,0,0
7350035950482079,0,trace,0,8192,34,0,0
7350035950482079,0,latency,0,4096,5,0,0
7350036050750599,0,market_ingress,0,1024,18,0,0
7350036050750599,0,trader_request,0,1024,1,0,0
7350036050750599,0,trading_callback,0,1024,3,0,0
7350036050750599,0,trace,0,8192,34,0,0
7350036050750599,0,latency,0,4096,5,0,0
7350036150985249,0,market_ingress,0,1024,18,0,0
7350036150985249,0,trader_request,0,1024,1,0,0
7350036150985249,0,trading_callback,0,1024,3,0,0
7350036150985249,0,trace,0,8192,34,0,0
7350036150985249,0,latency,0,4096,5,0,0
7350036251261195,0,market_ingress,0,1024,18,0,0
7350036251261195,0,trader_request,0,1024,1,0,0
7350036251261195,0,trading_callback,0,1024,3,0,0
7350036251261195,0,trace,0,8192,34,0,0
7350036251261195,0,latency,0,4096,5,0,0
7350036351524143,0,market_ingress,0,1024,18,0,0
7350036351524143,0,trader_request,0,1024,1,0,0
7350036351524143,0,trading_callback,0,1024,3,0,0
7350036351524143,0,trace,0,8192,34,0,0
7350036351524143,0,latency,0,4096,5,0,0
7350036451786878,0,market_ingress,0,1024,18,0,0
7350036451786878,0,trader_request,0,1024,1,0,0
7350036451786878,0,trading_callback,0,1024,3,0,0
7350036451786878,0,trace,0,8192,34,0,0
7350036451786878,0,latency,0,4096,5,0,0
7350036552092031,0,market_ingress,0,1024,18,0,0
7350036552092031,0,trader_request,0,1024,1,0,0
7350036552092031,0,trading_callback,0,1024,3,0,0
7350036552092031,0,trace,0,8192,34,0,0
7350036552092031,0,latency,0,4096,5,0,0
7350036652354220,0,market_ingress,0,1024,18,0,0
7350036652354220,0,trader_request,0,1024,1,0,0
7350036652354220,0,trading_callback,0,1024,3,0,0
7350036652354220,0,trace,0,8192,34,0,0
7350036652354220,0,latency,0,4096,5,0,0
7350036752617670,0,market_ingress,0,1024,18,0,0
7350036752617670,0,trader_request,0,1024,1,0,0
7350036752617670,0,trading_callback,0,1024,3,0,0
7350036752617670,0,trace,0,8192,34,0,0
7350036752617670,0,latency,0,4096,5,0,0
7350036852884082,0,market_ingress,0,1024,18,0,0
7350036852884082,0,trader_request,0,1024,1,0,0
7350036852884082,0,trading_callback,1,1024,3,14939,0
7350036852884082,0,trace,0,8192,34,0,0
7350036852884082,0,latency,0,4096,5,0,0
